Carimbo de data/hora,Qual seu vínculo com a UFMG? ,Em qual curso você está matriculado na UFMG?,Qual a sua classificação na Fump?,Em qual curso você está matriculado na UFMG?,Qual a sua classificação na Fump?,Qual o seu gênero?,Qual sua cor/raça? ,Qual sua renda mensal em salários mínimos?,Qual Restaurante Universitário você mais frequenta? ,Quantos dias na semana você come no Restaurante Universitário?,Quais refeições você faz no RU?, Em qual ano você começou a frequentar o RU? , A quantidade dos caixas é adequada a proporção de pessoas que frequenta o RU. ,"A higienização das mãos dentro do RU pode ser feita de forma rápida e eficiente. 
","As instalações do RU são confortáveis.
","O RU possui um cardápio variável, diferenciado e que atende as minhas necessidades. 
",A comida do RU é saborosa.,Me sinto saciado/saciada/saciade com a alimentação no RU.,Você come a refeição vegetariana no RU?,Tipo de dieta,Frequência do consumo da alimentação vegetariana por semana,Como você avalia o sabor do cardápio vegetariano?,Como você avalia a variedade do cardápio vegetariano?,"Na sua percepção, você acha que o cardápio vegetariano disponibilizado pelos RU´s atende às necessidades nutricionais?",O RU cobra um valor pelos seus produtos e serviços que vale a pena pagar ,O RU cobra valores que eu acredito serem compatíveis (justos) com os benefícios que eu recebo  ,Sem o serviço do RU eu não conseguiria realizar uma refeição completa por questões financeiras,Quão importante é o RU para sua permanência na Universidade? ,"No geral, qual seu grau de satisfação com os Restaurantes Universitários da UFMG?","Você já presenciou alguma situação incômoda/constrangedora no RU? Caso deseje, descreva a seguir o que aconteceu: ","Deixe aqui algum comentário, sugestão ou crítica ao serviço de RU da UFMG:"
01/12/2022 07:10:40,ESTUDANTE DE GRADUAÇÃO,Direito ,Nível 1,,,Homem Cis,Branco,"Menos de 1 salário minimo (até R$1212,00)",RU Direito,5,Jantar,2019,3,4,5,5,5,5,,,,,,,5,5,5,5,5,Não.,Fila exclusiva para fump nível 1. 
01/12/2022 07:45:04,ESTUDANTE DE GRADUAÇÃO,Filosofia ,Nível 1,,,Homem Cis,Branco,"Menos de 1 salário minimo (até R$1212,00)",RU Setorial 1 ( Pampulha),5,"Café da manhã, Almoço, Jantar",2019,4,4,4,5,5,5,,,,,,,5,5,5,5,5,Prefiro não comentar!,
02/12/2022 09:46:19,ESTUDANTE DE GRADUAÇÃO,Ciências Sociais,Não sou assistido pela Fump,,,Homem Cis,Branco,"de 1 a 3 salários mínimos (De R$1212,00 até R$3636,00)",RU Setorial 1 ( Pampulha),1,Almoço,2020/1,3,3,1,3,1,3,Sim,Onívoro (consome alimentos de origem animal e vegetal),3 a 4 vezes,1,3,3,1,3,1,1,1,,
02/12/2022 09:48:56,ESTUDANTE DE GRADUAÇÃO,Ciências Sociais ,Não sou assistido pela Fump,,,Mulher Cis,Preto,"Menos de 1 salário minimo (até R$1212,00)",RU Setorial 1 ( Pampulha),1,Almoço,2022/1,2,2,4,5,5,5,Não,,,,,,4,4,3,4,4,Filas grandes a ponto de ter desistência por parte de alunes.,"Acredito que o RU possa aumentar a quantidade de caixas,para redução das filas e acredito também que a organização na parte da higienização das mãos  deve ser monitorada por algum responsável pelo ambiente,para que evite essa concentração de pessoas."
02/12/2022 09:50:36,ESTUDANTE DE GRADUAÇÃO,Ciências Sociais ,Não sou assistido pela Fump,,,Mulher Cis,Pardo,"Menos de 1 salário minimo (até R$1212,00)",RU Setorial 1 ( Pampulha),3,Almoço,2022/1,3,5,5,4,4,5,Sim,"Ovolactovegetariano (não consomem nenhum tipo de carne, mas se alimenta de laticínios e ovos)",Todos os dias,3,2,4,4,4,3,2,4,,
02/12/2022 11:38:11,ESTUDANTE DE GRADUAÇÃO,ciencias sociais ,Não sou assistido pela Fump,,,Mulher Cis,Pardo,"de 1 a 3 salários mínimos (De R$1212,00 até R$3636,00)",RU Setorial 1 ( Pampulha),1,Almoço,2018,2,1,2,3,4,5,Sim,Onívoro (consome alimentos de origem animal e vegetal),1 a 2 vezes,2,2,3,4,3,2,2,4,,
02/12/2022 11:39:20,ESTUDANTE DE GRADUAÇÃO,Ciências Sociais,Não sou assistido pela Fump,,,Mulher Cis,Pardo,"de 1 a 3 salários mínimos (De R$1212,00 até R$3636,00)",RU Setorial 1 ( Pampulha),3,"Almoço, Jantar",2020/1,1,5,2,5,5,5,Não,,,,,,5,5,2,5,5,,Falta ventiladores!! Calorão
02/12/2022 11:40:55,ESTUDANTE DE GRADUAÇÃO,Antropologia,Nível 3,,,Homem Cis,Pardo,"de 1 a 3 salários mínimos (De R$1212,00 até R$3636,00)",RU Setorial 1 ( Pampulha),1,Jantar,2017/1,4,4,3,3,5,5,Sim,Vegano ou vegetariano estrito (não consomem nada de origem animal),Todos os dias,3,3,5,4,5,4,5,5,,
02/12/2022 11:41:05,ESTUDANTE DE GRADUAÇÃO,Ciências Sociais ,Não sou assistido pela Fump,,,Homem Cis,Branco,"Menos de 1 salário minimo (até R$1212,00)",RU Setorial 1 ( Pampulha),5,Almoço,2022/1,2,1,3,3,3,3,Sim,Onívoro (consome alimentos de origem animal e vegetal),1 a 2 vezes,2,3,1,3,3,3,5,3,,
02/12/2022 11:44:25,ESTUDANTE DE GRADUAÇÃO,Ciências Sociais ,Não sou assistido pela Fump,,,Homem Cis,Pardo,"de 1 a 3 salários mínimos (De R$1212,00 até R$3636,00)",RU Setorial 1 ( Pampulha),2,"Almoço, Jantar",2020/1,2,3,4,4,4,4,Não,,,,,,5,5,4,4,4,,"Uma proposta que já me veio a cabeça em conjunto aos meus amigos é que se criasse um mecanismo para transferência de dinheiro para o cartão do estudante para tornar mais eficiente a entrada e eliminar boa parte do tamanho da fila, similar ao que se tem com o cartão BHBUS e no MOVE."
02/12/2022 11:45:18,ESTUDANTE DE GRADUAÇÃO,Ciências sociais ,Nível 1,,,Homem Cis,Preto,"de 1 a 3 salários mínimos (De R$1212,00 até R$3636,00)",RU Setorial 1 ( Pampulha),5,"Almoço, Jantar",2020/1,2,2,3,4,4,5,Não,,,,,,4,4,4,4,4,,"Em certos horários, há um congestionamento na fila dos caixas e para pegar os pratos/lavar as mãos. Os caixas deveriam ser melhor sinalizados para quem está fora do RU, e, também, deve haver um caixa apenas para o cartão, visto ser a opção que mais demora "
02/12/2022 11:49:25,ESTUDANTE DE GRADUAÇÃO,Ciências Sociais,Não sou assistido pela Fump,,,Mulher Cis,Pardo,"de 1 a 3 salários mínimos (De R$1212,00 até R$3636,00)",RU Setorial 1 ( Pampulha),2,Almoço,2022/1,2,2,4,5,5,5,Não,,,,,,2,2,1,5,4,,
02/12/2022 11:49:56,ESTUDANTE DE GRADUAÇÃO,Fonoaudiologia ,Nível 1,,,Homem Cis,Branco,"de 1 a 3 salários mínimos (De R$1212,00 até R$3636,00)",RU Saúde,5,"Café da manhã, Almoço, Jantar",2019/1,4,2,4,1,3,5,Não,,,,,,3,3,4,5,3,,
02/12/2022 11:50:59,ESTUDANTE DE GRADUAÇÃO,Ciências Sociais,Não sou assistido pela Fump,,,Homem Cis,Pardo,"de 1 a 3 salários mínimos (De R$1212,00 até R$3636,00)",RU Setorial 1 ( Pampulha),1,Almoço,2011(eu fiz coltec antes da graduação),2,3,3,5,5,5,Não,,,,,,5,5,1,1,3,Já encontrei plástico no meio da feijoada,
02/12/2022 11:52:19,ESTUDANTE DE GRADUAÇÃO,Estatística ,Não sou assistido pela Fump,,,Homem Cis,Branco,"de 1 a 3 salários mínimos (De R$1212,00 até R$3636,00)",RU Setorial 1 ( Pampulha),3,Almoço,2022/1,3,2,3,4,4,5,Não,,,,,,5,5,2,5,4,,
02/12/2022 11:52:48,ESTUDANTE DE GRADUAÇÃO,Arquivologia ,Nível 1,,,Mulher Cis,Branco,"Menos de 1 salário minimo (até R$1212,00)",RU Setorial 2 (Pampulha),6,"Café da manhã, Almoço, Jantar",2022/1,3,4,4,4,5,5,Sim,Onívoro (consome alimentos de origem animal e vegetal),1 a 2 vezes,3,3,2,5,3,5,5,5,,
02/12/2022 11:53:40,ESTUDANTE DE GRADUAÇÃO,Medicina ,Nível 1,,,Homem Cis,Preto,"Menos de 1 salário minimo (até R$1212,00)",RU Saúde,5,"Café da manhã, Almoço, Jantar",2019/1,2,5,3,4,4,5,Não,,,,,,5,5,5,5,4,A menina na minha frente estava servindo em uma vasilha própria na hora do jantar (provavelmente era p comer em casa) e foi advertida de forma rude por uma funcionária na frente das pessoas q estavam na fila p servir,
02/12/2022 11:54:18,ESTUDANTE DE GRADUAÇÃO,Ciencias Sociais,Nível 4,,,Homem Cis,Pardo,"de 1 a 3 salários mínimos (De R$1212,00 até R$3636,00)",RU Setorial 1 ( Pampulha),5,Jantar,2016/2,4,3,4,4,4,5,Sim,Onívoro (consome alimentos de origem animal e vegetal),1 a 2 vezes,4,3,4,5,5,1,4,4,Não,Mudar os sucos. Acho que é a única coisa oferecida que não tem qualidade.
02/12/2022 11:55:40,ESTUDANTE DE GRADUAÇÃO,Ciências Sociais,Não sou assistido pela Fump,,,Mulher Cis,Branco,"Menos de 1 salário minimo (até R$1212,00)",RU Setorial 1 ( Pampulha),3,Almoço,2022/1,1,3,5,4,5,5,Sim,"Ovolactovegetariano (não consomem nenhum tipo de carne, mas se alimenta de laticínios e ovos)",Todos os dias,4,4,5,2,3,1,3,4,,
02/12/2022 11:55:58,ESTUDANTE DE GRADUAÇÃO,Educação física ,Não sou assistido pela Fump,,,Homem Cis,Branco,"de 3 a 5 salários mínimos (de R$3636,00 até R$6060,00)",RU Setorial 2 (Pampulha),1,Almoço,2022/2,1,3,4,2,4,4,Não,,,,,,5,4,5,3,3,,
02/12/2022 11:56:03,ESTUDANTE DE GRADUAÇÃO,Antropologia ,Não sou assistido pela Fump,,,Mulher Cis,Branco,"de 1 a 3 salários mínimos (De R$1212,00 até R$3636,00)",RU Setorial 2 (Pampulha),1,Almoço,2022/1,3,2,4,3,4,5,Não,,,,,,5,5,1,1,4,,
02/12/2022 11:56:47,ESTUDANTE DE GRADUAÇÃO,Ciências Sociais,Não sou assistido pela Fump,,,Mulher Cis,Branco,"mais de 5 salários mínimos (mais de R$6060,00)",RU Setorial 1 ( Pampulha),1,Almoço,2018/2,1,4,4,4,5,5,Sim,"Flexitariano (consome carne ocasionalmente, sem manter uma frequência diária)",1 a 2 vezes,4,3,2,5,5,1,1,4,,
02/12/2022 11:57:23,ESTUDANTE DE GRADUAÇÃO,Medicina,Nível 1,,,Mulher Cis,Branco,"Menos de 1 salário minimo (até R$1212,00)",RU Saúde,5,"Café da manhã, Almoço, Jantar",2019/1,4,3,4,4,5,5,Sim,Onívoro (consome alimentos de origem animal e vegetal),1 a 2 vezes,3,2,1,4,5,5,5,5,,
02/12/2022 11:57:56,ESTUDANTE DE GRADUAÇÃO,Física ,Nível 4,,,Homem Cis,Branco,"Menos de 1 salário minimo (até R$1212,00)",RU Setorial 2 (Pampulha),2,Jantar,2016,5,3,4,5,5,5,Sim,Onívoro (consome alimentos de origem animal e vegetal),3 a 4 vezes,5,3,5,5,5,5,5,5,,
02/12/2022 11:59:16,ESTUDANTE DE GRADUAÇÃO,CIÊNCIAS SOCIAIS ,Não sou assistido pela Fump,,,Mulher Cis,Pardo,"Menos de 1 salário minimo (até R$1212,00)",RU Setorial 1 ( Pampulha),3,Almoço,2019/1,1,2,5,4,5,5,Sim,"Ovolactovegetariano (não consomem nenhum tipo de carne, mas se alimenta de laticínios e ovos)",3 a 4 vezes,4,2,4,5,1,1,5,4,,
02/12/2022 11:59:39,ESTUDANTE DE GRADUAÇÃO,Ciências Sociais ,Não sou assistido pela Fump,,,Não binário,Branco,"Menos de 1 salário minimo (até R$1212,00)",RU Setorial 1 ( Pampulha),2,Almoço,2019/1,3,4,3,5,4,5,Sim,"Ovolactovegetariano (não consomem nenhum tipo de carne, mas se alimenta de laticínios e ovos)",1 a 2 vezes,4,4,5,3,2,1,4,4,,
02/12/2022 12:00:18,ESTUDANTE DE GRADUAÇÃO,Letras,Não sou assistido pela Fump,,,Mulher Cis,Pardo,"de 1 a 3 salários mínimos (De R$1212,00 até R$3636,00)",RU Setorial 2 (Pampulha),2,Jantar,2022/1,2,3,4,5,5,5,Não,,,,,,5,5,1,2,5,,
02/12/2022 12:05:20,ESTUDANTE DE GRADUAÇÃO,Ciências Biológicas ,Nível 1,,,Mulher Cis,Branco,"Menos de 1 salário minimo (até R$1212,00)",RU Setorial 1 ( Pampulha),5,"Café da manhã, Almoço, Jantar",2018/1,5,4,5,4,5,5,Sim,Onívoro (consome alimentos de origem animal e vegetal),3 a 4 vezes,3,3,3,4,3,4,5,4,,Ultimamente a quantidade de copos não tem sido suficiente pra atender a demanda. Poderiam comprar mais.
02/12/2022 12:05:36,ESTUDANTE DE GRADUAÇÃO,Biblioteconomia ,Nível 1,,,Mulher Cis,Pardo,"de 1 a 3 salários mínimos (De R$1212,00 até R$3636,00)",RU Setorial 1 ( Pampulha),6,"Café da manhã, Almoço, Jantar",2022/2,5,4,3,5,5,5,Não,,,,,,5,5,5,5,5,,"O serviço dos Rus em geral são ótimos, o que poderia ser levado em conta seria a reposição tantos dos copos de plástico, que estão em falta, como também a reposição do Suco, que quando acaba demora para ser colocado novamente."
02/12/2022 12:05:42,ESTUDANTE DE GRADUAÇÃO,Odontologia ,Não sou assistido pela Fump,,,Mulher Cis,Branco,"Menos de 1 salário minimo (até R$1212,00)",RU Setorial 2 (Pampulha),2,Almoço,2020/1,2,3,4,4,4,4,Não,,,,,,5,5,1,1,4,"Sim, presença de larvas nos alimentos.",
02/12/2022 12:05:58,ESTUDANTE DE GRADUAÇÃO,Letras português/francês (licenciatura),Nível 1,,,Mulher Cis,Branco,"Menos de 1 salário minimo (até R$1212,00)",RU Setorial 1 ( Pampulha),5,"Almoço, Jantar",2022/1,1,3,4,2,4,5,Não,,,,,,5,5,5,5,4,Não ,"Colocar mais dias com frango, porque é o melhor do RU ❤️"
02/12/2022 12:05:58,ESTUDANTE DE GRADUAÇÃO,Ciências Sociais ,Nível 1,,,Mulher Cis,Branco,"Menos de 1 salário minimo (até R$1212,00)",RU Setorial 1 ( Pampulha),4,"Café da manhã, Almoço",2018/1,3,4,5,3,5,5,Sim,Onívoro (consome alimentos de origem animal e vegetal),1 a 2 vezes,2,1,1,4,5,5,5,4,,"Por não oferecer comida vegetariana com proteína, e por minha falta de tempo e dinheiro para fazer minha própria comida, principalmente, deixei a dieta vegetariana. Acredito que precisa ser repensado as opções vegetarianas com mais valor nutricional e principalmente proteína, ainda assim são saborosas."
02/12/2022 12:06:16,ESTUDANTE DE GRADUAÇÃO,Ciências Sociais ,Não sou assistido pela Fump,,,Homem Cis,Preto,"Menos de 1 salário minimo (até R$1212,00)",RU Setorial 1 ( Pampulha),2,Almoço,2018/1,2,2,3,4,4,4,Sim,Onívoro (consome alimentos de origem animal e vegetal),1 a 2 vezes,3,2,2,5,5,1,5,4,,
02/12/2022 12:06:40,ESTUDANTE DE GRADUAÇÃO,Fisioterapia,Nível 1,,,Mulher Cis,Branco,"Menos de 1 salário minimo (até R$1212,00)",RU Saúde,4,"Café da manhã, Almoço",2018/1,2,4,4,5,5,4,Sim,"Ovolactovegetariano (não consomem nenhum tipo de carne, mas se alimenta de laticínios e ovos)",Todos os dias,5,4,4,5,5,5,5,5,,
02/12/2022 12:06:50,ESTUDANTE DE GRADUAÇÃO,Ciências Biológicas ,Não sou assistido pela Fump,,,Mulher Cis,Branco,"de 1 a 3 salários mínimos (De R$1212,00 até R$3636,00)",RU Setorial 2 (Pampulha),3,"Almoço, Jantar",2022/2,4,5,4,4,4,5,Não,,,,,,5,5,5,5,5,,
02/12/2022 12:07:02,ESTUDANTE DE GRADUAÇÃO,Odontologia,Nível 2,,,Homem Cis,Preto,"Menos de 1 salário minimo (até R$1212,00)",RU Setorial 2 (Pampulha),5,"Almoço, Jantar",2019/2,1,2,4,3,4,5,Não,,,,,,5,3,5,5,4,,
02/12/2022 12:08:28,ESTUDANTE DE GRADUAÇÃO,Estatística ,Não sou assistido pela Fump,,,Mulher Cis,Pardo,"Menos de 1 salário minimo (até R$1212,00)",RU Setorial 2 (Pampulha),2,Almoço,2022/1,2,2,3,4,4,4,Sim,"Flexitariano (consome carne ocasionalmente, sem manter uma frequência diária)",1 a 2 vezes,4,3,3,4,4,2,1,4,,
02/12/2022 12:08:49,ESTUDANTE DE GRADUAÇÃO,Estatística,Não sou assistido pela Fump,,,Homem Cis,Pardo,"de 1 a 3 salários mínimos (De R$1212,00 até R$3636,00)",RU Setorial 2 (Pampulha),3,Almoço,2022/1,1,5,5,5,5,5,Não,,,,,,5,5,5,5,5,,
02/12/2022 12:10:27,ESTUDANTE DE GRADUAÇÃO,Odontologia ,Não sou assistido pela Fump,,,Mulher Cis,Preto,"Menos de 1 salário minimo (até R$1212,00)",RU Setorial 2 (Pampulha),2,Almoço,2020/1,3,1,5,5,5,5,Sim,Onívoro (consome alimentos de origem animal e vegetal),1 a 2 vezes,3,3,5,5,5,4,3,5,,
02/12/2022 12:10:44,ESTUDANTE DE GRADUAÇÃO,Letras,Nível 2,,,Mulher Cis,Pardo,"Menos de 1 salário minimo (até R$1212,00)",RU Setorial 1 ( Pampulha),5,Almoço,2022/1,3,5,5,5,5,5,Sim,Onívoro (consome alimentos de origem animal e vegetal),1 a 2 vezes,5,4,5,4,5,2,4,5,,
02/12/2022 12:11:10,ESTUDANTE DE GRADUAÇÃO,Odontologia,Não sou assistido pela Fump,,,Mulher Cis,Branco,"Menos de 1 salário minimo (até R$1212,00)",RU Setorial 2 (Pampulha),3,Almoço,2022/1,1,4,4,2,2,1,Não,,,,,,2,4,1,4,2,,
02/12/2022 12:11:58,ESTUDANTE DE GRADUAÇÃO,Odontologia ,Não sou assistido pela Fump,,,Mulher Cis,Branco,"de 1 a 3 salários mínimos (De R$1212,00 até R$3636,00)",RU Setorial 2 (Pampulha),3,Almoço,2021/1,3,5,5,5,3,5,Não,,,,,,5,5,5,5,5,,
02/12/2022 12:12:44,ESTUDANTE DE GRADUAÇÃO,Design de moda,Não sou assistido pela Fump,,,Mulher Cis,Branco,"de 3 a 5 salários mínimos (de R$3636,00 até R$6060,00)",RU Setorial 2 (Pampulha),5,Almoço,2022/1,3,2,4,4,5,5,Não,,,,,,5,5,2,4,4,,
02/12/2022 12:12:48,ESTUDANTE DE GRADUAÇÃO,Ciências Biológicas ,Nível 1,,,Mulher Cis,Branco,"Menos de 1 salário minimo (até R$1212,00)",RU Setorial 1 ( Pampulha),2,Almoço,2022/2,1,4,1,5,3,5,Sim,"Flexitariano (consome carne ocasionalmente, sem manter uma frequência diária)",1 a 2 vezes,5,3,4,2,5,1,1,4,,Coloca uns ventiladores _||_
02/12/2022 12:12:53,ESTUDANTE DE GRADUAÇÃO,Ciências Biológicas ,Nível 1,,,Mulher Cis,Preto,"Menos de 1 salário minimo (até R$1212,00)",RU Setorial 1 ( Pampulha),5,Jantar,2022/2,4,3,3,4,5,5,Não,,,,,,4,4,5,5,4,,"Acho que RU 1 precisa ser mais ventilado, em dia de calor é insuportável comer lá."
02/12/2022 12:13:41,ESTUDANTE DE GRADUAÇÃO,odontologia,Não sou assistido pela Fump,,,Mulher Cis,Branco,"Menos de 1 salário minimo (até R$1212,00)",RU Setorial 1 ( Pampulha),2,Almoço,2022/2,2,1,5,5,5,5,Não,,,,,,3,3,1,1,4,,
02/12/2022 12:16:24,ESTUDANTE DE GRADUAÇÃO,Odonto,Não sou assistido pela Fump,,,Mulher Cis,Branco,"de 1 a 3 salários mínimos (De R$1212,00 até R$3636,00)",RU Setorial 2 (Pampulha),5,"Almoço, Jantar",2019/1,1,2,1,2,4,5,Sim,"Flexitariano (consome carne ocasionalmente, sem manter uma frequência diária)",3 a 4 vezes,4,2,2,2,2,3,3,4,"Sentei em uma mesa com outra pessoa que enquanto coversava cuspia, igualmente na hora de servir a comida.",o uso de mascara e divisórias deveria permanecer obrigatório.
02/12/2022 12:20:13,ESTUDANTE DE GRADUAÇÃO,Conservação e Restauração de Bens Culturais Móveis ,Nível 1,,,Mulher Cis,Preto,"Menos de 1 salário minimo (até R$1212,00)",RU Setorial 1 ( Pampulha),6,"Café da manhã, Almoço, Jantar",2018/1,5,5,3,3,4,4,Não,,,,,,5,5,5,5,3,"A catraca do Rau 2 é muito ruim, muitas vezes fiquei presa lá ","Melhorar o café da manhã, já que a comida oferecida é insuficiente pra refeição da manhã "
02/12/2022 12:20:47,ESTUDANTE DE GRADUAÇÃO,psicologia,Não sou assistido pela Fump,,,Mulher Cis,Branco,"mais de 5 salários mínimos (mais de R$6060,00)",RU Setorial 1 ( Pampulha),4,Almoço,2022/2,2,2,4,4,4,5,Não,,,,,,5,5,1,1,4,,
02/12/2022 12:21:13,ESTUDANTE DE GRADUAÇÃO,Gestão Pública,Nível 3,,,Homem Cis,Pardo,"Menos de 1 salário minimo (até R$1212,00)",RU Setorial 1 ( Pampulha),2,Jantar,2022,3,3,3,4,3,4,Não,,,,,,5,5,4,5,4,,
02/12/2022 12:21:30,ESTUDANTE DE GRADUAÇÃO,Terapia Ocupacional ,Nível 1,,,Homem Cis,Pardo,"Menos de 1 salário minimo (até R$1212,00)",RU Setorial 1 ( Pampulha),6,"Café da manhã, Almoço, Jantar",2013,5,5,2,1,3,3,Não,,,,,,1,5,4,5,3,,
02/12/2022 12:22:13,ESTUDANTE DE GRADUAÇÃO,Medicina ,Nível 1,,,Mulher Cis,Preto,"Menos de 1 salário minimo (até R$1212,00)",RU Saúde,5,"Café da manhã, Almoço, Jantar",2019/1,2,1,3,2,4,5,Não,,,,,,5,5,5,5,4,,Melhor organização das cadeiras no campus saúde 
02/12/2022 12:23:04,ESTUDANTE DE GRADUAÇÃO,Letras,Não sou assistido pela Fump,,,Mulher Cis,Branco,"Menos de 1 salário minimo (até R$1212,00)",RU Setorial 1 ( Pampulha),3,Almoço,2022/1,4,3,5,5,5,5,Sim,Onívoro (consome alimentos de origem animal e vegetal),1 a 2 vezes,4,3,5,5,5,1,1,5,,
02/12/2022 12:24:19,ESTUDANTE DE GRADUAÇÃO,Ciências sociais ,Nível 3,,,Homem Cis,Pardo,"Menos de 1 salário minimo (até R$1212,00)",RU Setorial 1 ( Pampulha),3,Almoço,2019/2,2,1,3,3,4,5,Não,,,,,,4,4,2,5,4,,
02/12/2022 12:24:22,ESTUDANTE DE GRADUAÇÃO,Ciências sociais,Não sou assistido pela Fump,,,Não binário,Branco,"de 1 a 3 salários mínimos (De R$1212,00 até R$3636,00)",RU Setorial 1 ( Pampulha),3,"Almoço, Jantar",2019/2,2,5,3,5,3,4,Sim,Onívoro (consome alimentos de origem animal e vegetal),1 a 2 vezes,4,5,5,5,5,1,3,4,,
02/12/2022 12:24:46,ESTUDANTE DE GRADUAÇÃO,Ciências Sociais ,Não sou assistido pela Fump,,,Não binário,Branco,"Menos de 1 salário minimo (até R$1212,00)",RU Setorial 1 ( Pampulha),4,Almoço,2022/1,1,4,4,2,4,5,Não,,,,,,2,3,3,4,3,,Os preços são de fato abusivos se comparados com outros RUs do Brasil 
02/12/2022 12:27:05,ESTUDANTE DE GRADUAÇÃO,Moda,Nível 1,,,Homem Cis,Branco,"Menos de 1 salário minimo (até R$1212,00)",RU Setorial 1 ( Pampulha),6,"Almoço, Jantar",2019/1,1,2,3,2,4,4,Sim,Onívoro (consome alimentos de origem animal e vegetal),1 a 2 vezes,2,1,2,3,3,4,5,3,,
02/12/2022 12:27:17,ESTUDANTE DE GRADUAÇÃO,Ciências Sociais,Não sou assistido pela Fump,,,Homem Cis,Pardo,"mais de 5 salários mínimos (mais de R$6060,00)",RU Setorial 1 ( Pampulha),3,Almoço,2019/1,2,1,4,5,4,5,Não,,,,,,3,3,3,3,4,,
02/12/2022 12:27:38,ESTUDANTE DE GRADUAÇÃO,Engenharia de Controle e Automação,Nível 1,,,Homem Cis,Pardo,"de 1 a 3 salários mínimos (De R$1212,00 até R$3636,00)",RU Setorial 2 (Pampulha),6,"Café da manhã, Almoço, Jantar",2019/1,5,4,5,5,4,5,Não,,,,,,5,3,2,4,5,,
02/12/2022 12:28:03,ESTUDANTE DE GRADUAÇÃO,Letras,Não sou assistido pela Fump,,,Mulher Cis,Branco,"de 1 a 3 salários mínimos (De R$1212,00 até R$3636,00)",RU Setorial 1 ( Pampulha),1,Almoço,2022/01,2,3,4,4,3,4,Não,,,,,,4,4,1,1,3,,
02/12/2022 12:29:35,ESTUDANTE DE GRADUAÇÃO,Medicina ,Não sou assistido pela Fump,,,Mulher Cis,Branco,"mais de 5 salários mínimos (mais de R$6060,00)",RU Setorial 1 ( Pampulha),5,Almoço,2022/2,2,2,4,4,4,5,Não,,,,,,5,5,1,1,4,,Aumentar a quantidade caixas no setorial 2 seria interessante.
02/12/2022 12:30:49,ESTUDANTE DE GRADUAÇÃO,Ciências Biológicas ,Nível 1,,,Homem Cis,Pardo,"de 1 a 3 salários mínimos (De R$1212,00 até R$3636,00)",RU Setorial 2 (Pampulha),6,"Almoço, Jantar",2022/2,3,2,4,4,4,5,Sim,"Flexitariano (consome carne ocasionalmente, sem manter uma frequência diária)",3 a 4 vezes,4,1,5,4,5,5,5,4,,
02/12/2022 12:32:53,ESTUDANTE DE GRADUAÇÃO,Artes visuais ,Não sou assistido pela Fump,,,Mulher Cis,Branco,"de 3 a 5 salários mínimos (de R$3636,00 até R$6060,00)",RU Setorial 1 ( Pampulha),4,Almoço,2021/1,2,4,2,4,4,5,Sim,Onívoro (consome alimentos de origem animal e vegetal),1 a 2 vezes,4,5,4,4,5,2,4,4,,"Ventiladores no RU1. No verão, se torna muito desagradavel almoçar lá por causa do calor"
02/12/2022 12:35:30,ESTUDANTE DE GRADUAÇÃO,Letras,Não sou assistido pela Fump,,,Mulher Cis,Preto,"Menos de 1 salário minimo (até R$1212,00)",RU Setorial 1 ( Pampulha),4,Almoço,2021/2,2,3,4,5,5,4,Sim,"Ovolactovegetariano (não consomem nenhum tipo de carne, mas se alimenta de laticínios e ovos)",Todos os dias,5,5,4,4,3,1,4,4,,
02/12/2022 12:36:33,ESTUDANTE DE GRADUAÇÃO,Odontologia,Nível 4,,,Mulher Cis,Pardo,"Menos de 1 salário minimo (até R$1212,00)",RU Setorial 2 (Pampulha),3,Almoço,2020/1,3,2,4,4,4,5,Não,,,,,,2,4,3,5,3,Encontrei larva na minha salada no RU II,
02/12/2022 12:40:53,ESTUDANTE DE GRADUAÇÃO,História,Nível 3,,,Mulher Cis,Branco,"de 1 a 3 salários mínimos (De R$1212,00 até R$3636,00)",RU Setorial 1 ( Pampulha),5,Almoço,2022/1,4,3,2,5,4,4,Sim,Onívoro (consome alimentos de origem animal e vegetal),3 a 4 vezes,4,3,4,5,5,1,4,4,,
02/12/2022 12:41:10,ESTUDANTE DE GRADUAÇÃO,Ciências Sociais ,Não sou assistido pela Fump,,,Homem Cis,Preto,"de 3 a 5 salários mínimos (de R$3636,00 até R$6060,00)",RU Setorial 1 ( Pampulha),1,Almoço,2019/2,4,1,4,4,5,5,Não,,,,,,4,4,1,1,4,,
02/12/2022 12:41:21,ESTUDANTE DE GRADUAÇÃO,Odontologia ,Não sou assistido pela Fump,,,Mulher Cis,Pardo,"Menos de 1 salário minimo (até R$1212,00)",RU Setorial 2 (Pampulha),3,Almoço,2017/2,5,4,5,5,5,5,Não,,,,,,5,5,5,5,5,,
02/12/2022 12:42:09,ESTUDANTE DE GRADUAÇÃO,Ciências Sociais,Não sou assistido pela Fump,,,Mulher Cis,Pardo,"de 1 a 3 salários mínimos (De R$1212,00 até R$3636,00)",RU Setorial 1 ( Pampulha),4,Almoço,2019/1,5,5,5,4,4,5,Não,,,,,,3,2,5,4,5,,
02/12/2022 12:42:35,ESTUDANTE DE GRADUAÇÃO,Ciencias Sociais ,Não sou assistido pela Fump,,,Mulher Cis,Pardo,"Menos de 1 salário minimo (até R$1212,00)",RU Setorial 1 ( Pampulha),1,Almoço,2022,2,2,3,5,4,5,Não,,,,,,4,2,5,5,4,,
02/12/2022 12:43:49,ESTUDANTE DE GRADUAÇÃO,Engenharia de Controle e Automação,Nível 3,,,Mulher Cis,Branco,"de 3 a 5 salários mínimos (de R$3636,00 até R$6060,00)",RU Setorial 1 ( Pampulha),1,Jantar,2019/2,4,2,5,5,3,5,Não,,,,,,4,4,1,1,4,,
02/12/2022 12:45:27,ESTUDANTE DE GRADUAÇÃO,Letras,Não sou assistido pela Fump,,,Mulher Cis,Branco,"de 1 a 3 salários mínimos (De R$1212,00 até R$3636,00)",RU Setorial 1 ( Pampulha),4,Almoço,2022/1,4,4,5,3,4,5,Sim,Onívoro (consome alimentos de origem animal e vegetal),1 a 2 vezes,3,2,2,5,4,1,5,3,,
02/12/2022 12:46:18,ESTUDANTE DE GRADUAÇÃO,Estatística ,Nível 1,,,Mulher Cis,Preto,"de 1 a 3 salários mínimos (De R$1212,00 até R$3636,00)",RU Setorial 2 (Pampulha),3,Almoço,2022/1,2,2,5,4,5,5,Não,,,,,,5,5,3,5,4,,
02/12/2022 12:48:43,ESTUDANTE DE GRADUAÇÃO,Odontologia ,Nível 2,,,Mulher Cis,Pardo,"Menos de 1 salário minimo (até R$1212,00)",RU Setorial 2 (Pampulha),5,"Almoço, Jantar",2020/2,2,2,3,2,3,3,Não,,,,,,5,1,5,5,4,,
02/12/2022 12:51:00,ESTUDANTE DE GRADUAÇÃO,Ciências Sociais,Não sou assistido pela Fump,,,Mulher,Branco,"Menos de 1 salário minimo (até R$1212,00)",RU Setorial 1 ( Pampulha),1,Almoço,2022,2,1,5,2,5,5,Não,,,,,,2,3,2,1,3,Não ,Mais variedade de salada
02/12/2022 12:51:35,ESTUDANTE DE GRADUAÇÃO,Engenharia de Produção ,Nível 3,,,Mulher Cis,Pardo,"Menos de 1 salário minimo (até R$1212,00)",RU Setorial 2 (Pampulha),5,"Café da manhã, Almoço",2020/1,4,2,5,5,5,5,Não,,,,,,5,5,5,5,5,,
02/12/2022 12:53:29,ESTUDANTE DE GRADUAÇÃO,Ciências Sociais,Não sou assistido pela Fump,,,Mulher Cis,Pardo,"mais de 5 salários mínimos (mais de R$6060,00)",RU Setorial 1 ( Pampulha),1,Almoço,2020/1,2,2,4,3,4,5,Não,,,,,,5,5,1,3,3,,
02/12/2022 12:54:07,ESTUDANTE DE GRADUAÇÃO,Letras,Não sou assistido pela Fump,,,Mulher Cis,Branco,"Menos de 1 salário minimo (até R$1212,00)",RU Setorial 1 ( Pampulha),5,"Almoço, Jantar",2021/1,1,4,4,2,5,5,Sim,"Ovolactovegetariano (não consomem nenhum tipo de carne, mas se alimenta de laticínios e ovos)",Todos os dias,4,1,1,4,4,1,5,4,,Melhora na elaboracao de opcaoes preoteicas vegetarianas 
02/12/2022 12:55:17,ESTUDANTE DE GRADUAÇÃO,Psicologia ,Não sou assistido pela Fump,,,Mulher Cis,Branco,"de 1 a 3 salários mínimos (De R$1212,00 até R$3636,00)",RU Setorial 1 ( Pampulha),3,"Almoço, Jantar",2018/1,1,3,5,5,5,5,Sim,"Flexitariano (consome carne ocasionalmente, sem manter uma frequência diária)",1 a 2 vezes,4,3,4,4,4,3,2,4,,
02/12/2022 13:05:34,ESTUDANTE DE GRADUAÇÃO,Ciencias Sociais,Nível 1,,,Mulher Cis,Pardo,"de 1 a 3 salários mínimos (De R$1212,00 até R$3636,00)",RU Setorial 1 ( Pampulha),1,Almoço,2020/1,2,4,4,5,4,5,Sim,"Ovolactovegetariano (não consomem nenhum tipo de carne, mas se alimenta de laticínios e ovos)",Todos os dias,4,2,3,5,5,5,5,4,,
02/12/2022 13:06:43,ESTUDANTE DE GRADUAÇÃO,Engenharia Mecânica ,Nível 1,,,Homem Cis,Branco,"Menos de 1 salário minimo (até R$1212,00)",RU Setorial 1 ( Pampulha),2,Jantar,2016/2,3,4,5,2,4,4,Sim,Vegano ou vegetariano estrito (não consomem nada de origem animal),Todos os dias,5,4,5,5,5,5,5,4,,"Acredito que as refeições poderiam incluir opções veganas todos os dias, pois por motivosde restrições ideologicas, religiosas ou até mesmo se saude com a lactointolerancia."
02/12/2022 13:09:18,ESTUDANTE DE GRADUAÇÃO,psicologia,Não sou assistido pela Fump,,,Mulher Cis,Pardo,"Menos de 1 salário minimo (até R$1212,00)",RU Setorial 1 ( Pampulha),2,Almoço,2018/1,2,4,4,4,5,5,Sim,"Flexitariano (consome carne ocasionalmente, sem manter uma frequência diária)",3 a 4 vezes,4,4,5,4,4,1,2,4,,o maior do mundo!!!!! 
02/12/2022 13:10:05,ESTUDANTE DE GRADUAÇÃO,Teatro,Não sou assistido pela Fump,,,Mulher Cis,Branco,"Menos de 1 salário minimo (até R$1212,00)",RU Setorial 1 ( Pampulha),3,"Almoço, Jantar",2019/1,2,1,4,4,4,5,Não,,,,,,1,1,5,4,4,,
02/12/2022 13:14:55,ESTUDANTE DE GRADUAÇÃO,Ciências Biológicas ,Não sou assistido pela Fump,,,Homem Trans,Branco,"de 1 a 3 salários mínimos (De R$1212,00 até R$3636,00)",RU Setorial 1 ( Pampulha),3,"Almoço, Jantar",2022.2,3,4,5,4,5,5,Sim,"Ovolactovegetariano (não consomem nenhum tipo de carne, mas se alimenta de laticínios e ovos)",Todos os dias,3,3,2,5,5,1,2,4,,"Aumentar a quantidade da porção vegetariana, principalmente bolinhos e kibe, já que necessitamos de maior quantidade para atingir os níveis de proteína adequados"
02/12/2022 13:16:21,ESTUDANTE DE GRADUAÇÃO,Psicologia ,Não sou assistido pela Fump,,,Mulher Cis,Preto,"Menos de 1 salário minimo (até R$1212,00)",RU Setorial 1 ( Pampulha),1,Almoço,2018,1,4,3,5,5,5,Não,,,,,,5,4,4,5,5,,
02/12/2022 13:26:33,ESTUDANTE DE GRADUAÇÃO,Letras,Não sou assistido pela Fump,,,Mulher Cis,Preto,"mais de 5 salários mínimos (mais de R$6060,00)",RU Setorial 1 ( Pampulha),4,Almoço,2022/1,1,1,1,2,2,3,Sim,"Ovolactovegetariano (não consomem nenhum tipo de carne, mas se alimenta de laticínios e ovos)",3 a 4 vezes,1,1,2,3,4,2,1,2,,"Já encontrei pedaços de plástico no meu prato, enquanto comia"
02/12/2022 13:29:49,ESTUDANTE DE GRADUAÇÃO,Ciências Sociais,Não sou assistido pela Fump,,,Mulher Cis,Branco,"de 1 a 3 salários mínimos (De R$1212,00 até R$3636,00)",RU Setorial 1 ( Pampulha),5,Almoço,2019/2,3,5,5,4,5,5,Sim,"Ovolactovegetariano (não consomem nenhum tipo de carne, mas se alimenta de laticínios e ovos)",Todos os dias,4,2,5,1,5,2,5,4,,retirar as placas de acrílico e voltar com as mesas juntas 
02/12/2022 13:33:10,ESTUDANTE DE GRADUAÇÃO,odontologia ,Não sou assistido pela Fump,,,Mulher Cis,Branco,"mais de 5 salários mínimos (mais de R$6060,00)",RU Setorial 2 (Pampulha),2,Almoço,2020/1,3,2,3,4,4,5,Sim,Onívoro (consome alimentos de origem animal e vegetal),1 a 2 vezes,3,3,4,5,4,1,1,4,cabelo na comida,
02/12/2022 13:38:04,ESTUDANTE DE GRADUAÇÃO,Ciências Sociais,Não sou assistido pela Fump,,,Mulher Cis,Branco,"Menos de 1 salário minimo (até R$1212,00)",RU Setorial 1 ( Pampulha),3,Almoço,2022/1,1,2,5,1,3,5,Não,,,,,,3,1,3,5,2,,
02/12/2022 13:57:16,ESTUDANTE DE GRADUAÇÃO,Engenharia de controle e automação ,Não sou assistido pela Fump,,,Homem Cis,Branco,"de 1 a 3 salários mínimos (De R$1212,00 até R$3636,00)",RU Setorial 2 (Pampulha),4,"Almoço, Jantar",2022/1,2,2,5,5,5,5,Não,,,,,,5,5,1,1,4,,"Precisa de mais filas para cartão e o RU 1 sofre constantemente com a falta de copos, então seria preciso comprar mais copos"
02/12/2022 13:59:01,ESTUDANTE DE GRADUAÇÃO,Ciências Sociais,Não sou assistido pela Fump,,,Mulher Cis,Branco,"mais de 5 salários mínimos (mais de R$6060,00)",RU Setorial 1 ( Pampulha),3,Almoço,2018/1,5,5,3,5,4,5,Sim,"Ovolactovegetariano (não consomem nenhum tipo de carne, mas se alimenta de laticínios e ovos)",Todos os dias,5,2,5,4,3,1,3,4,,Gostaria que os preços fossem mais baixos!!
02/12/2022 14:11:35,ESTUDANTE DE GRADUAÇÃO,Farmácia ,Não sou assistido pela Fump,,,Mulher Cis,Branco,"de 3 a 5 salários mínimos (de R$3636,00 até R$6060,00)",RU Setorial 2 (Pampulha),4,Almoço,2022/1,2,3,4,3,3,4,Sim,Vegano ou vegetariano estrito (não consomem nada de origem animal),Todos os dias,3,2,2,4,4,1,4,4,,
02/12/2022 14:12:26,ESTUDANTE DE GRADUAÇÃO,Letras,Nível 2,,,Mulher Cis,Branco,"Menos de 1 salário minimo (até R$1212,00)",RU Setorial 1 ( Pampulha),5,"Café da manhã, Almoço, Jantar",2022/1,2,3,2,1,2,3,Não,,,,,,2,4,5,5,3,Um homem estava gritando com uma das funcionárias do RU porque ela foi tirar a farofa que era do almoço ,"Instalação de ventiladores no RU I, são muitas pessoas e é muito quente"
02/12/2022 14:17:40,ESTUDANTE DE GRADUAÇÃO,Farmácia - Diurno,Não sou assistido pela Fump,,,Mulher Cis,Branco,"Menos de 1 salário minimo (até R$1212,00)",RU Setorial 2 (Pampulha),2,Almoço,2022/1,1,3,1,3,4,3,Não,,,,,,4,4,1,3,2,,
02/12/2022 14:17:55,ESTUDANTE DE GRADUAÇÃO,Farmácia ,Não sou assistido pela Fump,,,Mulher Cis,Branco,"de 1 a 3 salários mínimos (De R$1212,00 até R$3636,00)",RU Setorial 2 (Pampulha),3,Almoço,2022/1,3,5,4,3,4,4,Não,,,,,,3,3,1,2,4,,
02/12/2022 14:18:04,ESTUDANTE DE GRADUAÇÃO,Farmácia ,Não sou assistido pela Fump,,,Mulher Cis,Branco,"Menos de 1 salário minimo (até R$1212,00)",RU Setorial 2 (Pampulha),5,Almoço,2022/1,2,4,5,5,5,5,Não,,,,,,5,5,1,1,5,,
02/12/2022 14:27:14,ESTUDANTE DE GRADUAÇÃO,Farmácia ,Não sou assistido pela Fump,,,Mulher Cis,Branco,"Menos de 1 salário minimo (até R$1212,00)",RU Setorial 2 (Pampulha),2,Almoço,2021/1,4,3,5,4,4,5,Não,,,,,,5,5,1,3,4,,
02/12/2022 14:28:59,ESTUDANTE DE GRADUAÇÃO,Engenharia Química ,Não sou assistido pela Fump,,,Mulher Cis,Branco,"Menos de 1 salário minimo (até R$1212,00)",RU Setorial 2 (Pampulha),4,Almoço,2022/1,2,2,4,5,4,5,Sim,Onívoro (consome alimentos de origem animal e vegetal),1 a 2 vezes,5,2,3,5,5,3,4,5,,
02/12/2022 14:31:42,ESTUDANTE DE GRADUAÇÃO,Eng Química,Nível 1,,,Homem Cis,Pardo,"Menos de 1 salário minimo (até R$1212,00)",RU Setorial 2 (Pampulha),4,Almoço,2022/1,4,3,2,3,3,4,Não,,,,,,5,5,5,5,5,,
02/12/2022 14:34:13,ESTUDANTE DE GRADUAÇÃO,Ciências Sociais,Não sou assistido pela Fump,,,Homem Cis,Preto,"de 1 a 3 salários mínimos (De R$1212,00 até R$3636,00)",RU Setorial 1 ( Pampulha),2,Almoço,2022 1,3,5,3,4,4,4,Não,,,,,,4,4,2,3,4,,
02/12/2022 14:37:06,ESTUDANTE DE GRADUAÇÃO,Engenharia Química,Não sou assistido pela Fump,,,Homem Cis,Preto,"Menos de 1 salário minimo (até R$1212,00)",RU Setorial 2 (Pampulha),5,"Almoço, Jantar",2019/1,5,1,5,5,5,5,Não,,,,,,5,5,1,5,5,,Aceitar cartão de crédito e Pix como forma de pagamento
02/12/2022 14:39:30,ESTUDANTE DE GRADUAÇÃO,Ciências Sociais ,Não sou assistido pela Fump,,,Mulher Cis,Branco,"de 3 a 5 salários mínimos (de R$3636,00 até R$6060,00)",RU Setorial 1 ( Pampulha),1,Almoço,2022/1,2,4,5,4,4,5,Sim,"Ovolactovegetariano (não consomem nenhum tipo de carne, mas se alimenta de laticínios e ovos)",Todos os dias,4,3,5,5,5,1,1,4,,
02/12/2022 14:46:56,ESTUDANTE DE GRADUAÇÃO,Engenharia Química ,Nível 3,,,Mulher Cis,Preto,"Menos de 1 salário minimo (até R$1212,00)",RU Setorial 2 (Pampulha),5,Almoço,2019/2,3,4,4,4,4,4,Sim,"Flexitariano (consome carne ocasionalmente, sem manter uma frequência diária)",1 a 2 vezes,3,3,4,5,5,3,5,4,Copos rachados que vazavam o suco,"O serviço é bom, não é perfeito mas atende às necessidades. "
02/12/2022 15:03:50,ESTUDANTE DE GRADUAÇÃO,Estatística,Nível 1,,,Homem Cis,Preto,"Menos de 1 salário minimo (até R$1212,00)",RU Setorial 1 ( Pampulha),5,"Almoço, Jantar",2019/1,3,3,4,2,4,3,Não,,,,,,3,3,5,5,4,Ficar mais tempo na fila .,"Melhorar com rapidez a reposição de arroz e saladas, a fim de diminuir a fila no local que estão os refeitórios ."
02/12/2022 15:06:45,ESTUDANTE DE GRADUAÇÃO,Psicologia,Nível 1,,,Mulher Cis,Branco,"Menos de 1 salário minimo (até R$1212,00)",RU Setorial 1 ( Pampulha),6,"Café da manhã, Almoço, Jantar",2018/1,5,2,5,5,5,5,Sim,Onívoro (consome alimentos de origem animal e vegetal),1 a 2 vezes,3,5,5,5,5,5,5,4,,Voltaram com a pimenta grazadeus !! E a questão dos copos tá complicada. Vejo que tem muitas bandejas limpas e na hora de colocar na máquina colocam mais bandejas ao invés de copos. Mas não sei se a questão é não conseguir limpar ou a quantidade de copos
02/12/2022 15:10:36,ESTUDANTE DE GRADUAÇÃO,Letras ,Nível 1,,,Mulher Cis,Pardo,"Menos de 1 salário minimo (até R$1212,00)",RU Setorial 1 ( Pampulha),5,"Café da manhã, Almoço",2018/2,4,3,5,4,5,5,Sim,"Ovolactovegetariano (não consomem nenhum tipo de carne, mas se alimenta de laticínios e ovos)",Todos os dias,5,4,4,4,5,5,5,5,,"Gostaria de pedir uma atenção maior à qualidade dos bolinhos e do quibe de senhora, pois eles geralmente vêm secos"
02/12/2022 16:16:01,ESTUDANTE DE GRADUAÇÃO,Engenharia Química,Nível 1,,,Homem Cis,Pardo,"Menos de 1 salário minimo (até R$1212,00)",RU Setorial 2 (Pampulha),5,"Almoço, Jantar",2022/1,4,4,5,5,5,5,Não,,,,,,5,5,4,5,5,,
02/12/2022 16:56:08,ESTUDANTE DE GRADUAÇÃO,Medicina ,Nível 1,,,Homem Cis,Branco,"Menos de 1 salário minimo (até R$1212,00)",RU Saúde,6,"Café da manhã, Almoço, Jantar",2016/1,2,4,3,5,4,5,Não,,,,,,4,5,5,5,4,,
02/12/2022 17:06:32,ESTUDANTE DE GRADUAÇÃO,Ciências sociais,Nível 1,,,Mulher Cis,Branco,"Menos de 1 salário minimo (até R$1212,00)",RU Setorial 1 ( Pampulha),3,"Café da manhã, Almoço, Jantar",2018/1,2,3,4,4,4,5,Sim,"Ovolactovegetariano (não consomem nenhum tipo de carne, mas se alimenta de laticínios e ovos)",5 a 6 vezes,2,2,4,3,5,5,5,4,Não,"- Melhorar variedade de opções vegetarianas/veganas. 
- Dar a possibilidade de carregar um valor (mesmo que só o suficiente para uma semana) para automatizar o processo dos pagamentos nos caixas.
- Oferecer modalidade de pagamento QR Code também.
- Reformar o espaço da entrada/infraestrutura de modo que as filas para os caixas não fiquem confusas ou misturadas, e assim tenha um fluxo melhor.
- Elaborar uma melhor distribuição dos copos do bandejão, pois sempre faltam nas filas, principalmente durante a janta.
- Elaborar uma sinalização para quando acabar alguma opção de alimento no self service (e ajudar os funcionários a identificar onde repor)."
02/12/2022 17:11:26,ESTUDANTE DE GRADUAÇÃO,Farmácia ,Não sou assistido pela Fump,,,Mulher Cis,Branco,"Menos de 1 salário minimo (até R$1212,00)",RU Setorial 2 (Pampulha),3,Almoço,2022,3,3,3,2,4,4,Não,,,,,,4,4,3,5,4,,
02/12/2022 17:13:53,ESTUDANTE DE GRADUAÇÃO,Letras,Não sou assistido pela Fump,,,Mulher Cis,Branco,"Menos de 1 salário minimo (até R$1212,00)",RU Setorial 1 ( Pampulha),4,Almoço,2022/1,4,5,5,5,5,5,Sim,Onívoro (consome alimentos de origem animal e vegetal),1 a 2 vezes,5,3,3,5,5,1,1,5,,"O cardápio vegetariano poderia incluir mais fontes de proteína, além de vegetais."
02/12/2022 17:53:11,ESTUDANTE DE GRADUAÇÃO,História ,Não sou assistido pela Fump,,,Mulher Cis,Branco,"Menos de 1 salário minimo (até R$1212,00)",RU Setorial 1 ( Pampulha),3,Jantar,2022/1,1,5,2,2,4,5,Não,,,,,,5,5,5,5,4,,
02/12/2022 18:06:07,ESTUDANTE DE PÓS-GRADUAÇÃO,,,Doutorado em Estudos Linguísticos,Não sou assistido pela Fump,Mulher Cis,Branco,"de 1 a 3 salários mínimos (De R$1212,00 até R$3636,00)",RU Setorial 1 ( Pampulha),1,Almoço,2011/1,2,2,4,2,4,5,Não,,,,,,4,4,1,1,4,"Usuários que pegam 2, 3, 4... copos para pegarem suco, e travam a fila pq obviamente a conta feita n é de 4 copos por pessoa, então o copo acaba e a fil fica travada.
Pessoas que arrancaram a proteção de acrílico das mesas.",
02/12/2022 18:34:16,ESTUDANTE DE GRADUAÇÃO,Antropologia,Nível 1,,,Homem Cis,Preto,"Menos de 1 salário minimo (até R$1212,00)",RU Setorial 1 ( Pampulha),3,"Almoço, Jantar",2018,2,2,3,3,3,5,Não,,,,,,2,2,5,4,3,Não,"O do direito é pessímo, o da medicina é mais ou menos, os do campus são os melhores"
02/12/2022 19:50:19,ESTUDANTE DE GRADUAÇÃO,Ciências Sociais,Não sou assistido pela Fump,,,Homem Cis,Branco,"Menos de 1 salário minimo (até R$1212,00)",RU Setorial 1 ( Pampulha),1,Almoço,2019/1,3,4,3,4,4,5,Não,,,,,,4,4,3,3,4,Sim.,NA
02/12/2022 20:22:32,ESTUDANTE DE GRADUAÇÃO,Filosofia,Não sou assistido pela Fump,,,Mulher Cis,Branco,"Menos de 1 salário minimo (até R$1212,00)",RU Setorial 1 ( Pampulha),2,Jantar,2018,2,3,4,3,4,5,Sim,"Ovolactovegetariano (não consomem nenhum tipo de carne, mas se alimenta de laticínios e ovos)",Todos os dias,2,1,1,4,4,3,1,4,Não ,"Minha única crítica/comentário é justamente em relação à comida vegetariana, cuja variação é pouca e geralmente com muito carboidrato."
02/12/2022 20:52:28,ESTUDANTE DE GRADUAÇÃO,ciências sociais ,Nível 1,,,Mulher Cis,Branco,"de 1 a 3 salários mínimos (De R$1212,00 até R$3636,00)",RU Setorial 1 ( Pampulha),5,"Almoço, Jantar",²⁰²⁰.²,2,1,3,5,5,5,Sim,"Flexitariano (consome carne ocasionalmente, sem manter uma frequência diária)",1 a 2 vezes,5,3,5,3,5,5,5,5,,
02/12/2022 22:06:03,ESTUDANTE DE GRADUAÇÃO,enfermagem ,Não sou assistido pela Fump,,,Mulher Cis,Pardo,"de 1 a 3 salários mínimos (De R$1212,00 até R$3636,00)",RU Setorial 2 (Pampulha),4,Almoço,2022/1,1,3,5,5,5,5,Não,,,,,,5,5,1,5,4,,a fila do cartão precisa melhorar de alguma maneira!!!
02/12/2022 22:33:25,ESTUDANTE DE GRADUAÇÃO,Bacharelado em Letras,Não sou assistido pela Fump,,,Prefiro não declarar,Branco,"Menos de 1 salário minimo (até R$1212,00)",RU Setorial 1 ( Pampulha),5,Almoço,2022/1,1,3,4,4,4,5,Sim,"Flexitariano (consome carne ocasionalmente, sem manter uma frequência diária)",1 a 2 vezes,2,2,3,5,5,2,4,5,,
03/12/2022 04:52:59,ESTUDANTE DE GRADUAÇÃO,Ciências Sociais,Nível 2,,,Mulher Cis,Preto,"de 1 a 3 salários mínimos (De R$1212,00 até R$3636,00)",RU Setorial 1 ( Pampulha),3,Almoço,2019/2,2,4,4,5,5,5,Não,,,,,,5,5,5,5,4,,
03/12/2022 08:32:19,ESTUDANTE DE GRADUAÇÃO,Ciências sociais ,Não sou assistido pela Fump,,,Mulher Cis,Branco,"Menos de 1 salário minimo (até R$1212,00)",RU Setorial 1 ( Pampulha),4,Almoço,2018/2,1,5,3,4,4,4,Sim,"Flexitariano (consome carne ocasionalmente, sem manter uma frequência diária)",1 a 2 vezes,3,3,2,4,3,5,4,3,"Já vi episódios de pessoas dando ""olhadas"" a pessoas de Cocar ou que almoçam com 2 pratos mas também  brigas quanto a fila e a má ventilação do ru","Precisa de mais caixas, a fila de espera é muito grande, um sistema de ventilação mais adequado a espaços que tem comida, talvez uma pessoa pra servir os sucos pois as pessoas no final sempre ficam sem pois outros pegam muitas vezes o suco, algumas opções vegetarianas são adequadas (ex: kibe de cenoura/bolinho de grao de bico) mas outras como a torta de legumes são pouco equilibrados nutricionalmente por não fornecerem as proteínas vegetais necessárias "
03/12/2022 08:48:23,ESTUDANTE DE GRADUAÇÃO,Ciências Contábeis ,Nível 1,,,Homem Cis,Preto,"Menos de 1 salário minimo (até R$1212,00)",RU Setorial 1 ( Pampulha),6,"Almoço, Jantar",2022/1,4,5,5,5,5,5,Não,,,,,,5,5,5,5,5,Não ,
03/12/2022 14:26:49,ESTUDANTE DE GRADUAÇÃO,Ciências Sociais ,Não sou assistido pela Fump,,,Mulher Cis,Branco,"de 1 a 3 salários mínimos (De R$1212,00 até R$3636,00)",RU Setorial 1 ( Pampulha),3,Almoço,2022/1,3,3,4,4,4,4,Sim,"Flexitariano (consome carne ocasionalmente, sem manter uma frequência diária)",1 a 2 vezes,4,3,3,3,3,2,3,4,,
03/12/2022 14:58:44,ESTUDANTE DE GRADUAÇÃO,Odontologia ,Nível 1,,,Homem Cis,Indígena,"Menos de 1 salário minimo (até R$1212,00)",RU Setorial 1 ( Pampulha),6,"Almoço, Jantar",2020/1,3,1,4,5,5,5,Sim,Onívoro (consome alimentos de origem animal e vegetal),1 a 2 vezes,3,3,4,5,5,5,5,5,,
03/12/2022 17:56:36,ESTUDANTE DE GRADUAÇÃO,letras,Não sou assistido pela Fump,,,Mulher Cis,Preto,"Menos de 1 salário minimo (até R$1212,00)",RU Setorial 1 ( Pampulha),5,Almoço,2022/1,1,4,4,5,5,5,Não,,,,,,4,4,1,3,5,,
03/12/2022 22:19:31,ESTUDANTE DE GRADUAÇÃO,Arquitetura,Não sou assistido pela Fump,,,Mulher Cis,Branco,"Menos de 1 salário minimo (até R$1212,00)",RU Saúde,1,Almoço,2022/1,4,5,4,4,3,4,Sim,Onívoro (consome alimentos de origem animal e vegetal),1 a 2 vezes,3,4,5,4,4,1,1,4,,
04/12/2022 03:35:31,ESTUDANTE DE GRADUAÇÃO,Odontologia,Não sou assistido pela Fump,,,Homem Cis,Branco,"Menos de 1 salário minimo (até R$1212,00)",RU Setorial 2 (Pampulha),3,Almoço,2019/2,4,4,3,3,4,5,Sim,Onívoro (consome alimentos de origem animal e vegetal),1 a 2 vezes,3,3,4,5,5,1,2,4,Sim,
04/12/2022 03:47:21,ESTUDANTE DE GRADUAÇÃO,Letras ,Nível 1,,,Homem Cis,Branco,"Menos de 1 salário minimo (até R$1212,00)",RU Setorial 1 ( Pampulha),5,"Almoço, Jantar",2021/2,4,4,4,1,3,5,Sim,"Ovolactovegetariano (não consomem nenhum tipo de carne, mas se alimenta de laticínios e ovos)",Todos os dias,1,1,1,4,5,5,3,3,,
04/12/2022 10:23:24,ESTUDANTE DE GRADUAÇÃO,Letras,Não sou assistido pela Fump,,,Mulher Cis,Branco,"Menos de 1 salário minimo (até R$1212,00)",RU Setorial 1 ( Pampulha),5,Almoço,2020/1,1,2,3,2,2,5,Sim,Onívoro (consome alimentos de origem animal e vegetal),1 a 2 vezes,1,1,1,3,5,1,4,3,,"Mais variedade de cardápio vegetariano, opções veganas"
04/12/2022 10:23:49,ESTUDANTE DE GRADUAÇÃO,Matematica ,Nível 1,,,Homem Cis,Branco,"de 1 a 3 salários mínimos (De R$1212,00 até R$3636,00)",RU Setorial 2 (Pampulha),6,"Almoço, Jantar",2022/1,4,4,2,5,5,5,Não,,,,,,5,5,3,3,4,,
04/12/2022 10:25:48,ESTUDANTE DE GRADUAÇÃO,Pedagogia ,Não sou assistido pela Fump,,,Mulher Cis,Preto,"Menos de 1 salário minimo (até R$1212,00)",RU Setorial 1 ( Pampulha),5,Jantar,2022,2,1,5,5,5,5,Não,,,,,,5,3,5,5,5,,
04/12/2022 10:26:10,ESTUDANTE DE GRADUAÇÃO,Ciências contábeis ,Não sou assistido pela Fump,,,Mulher Cis,Pardo,"Menos de 1 salário minimo (até R$1212,00)",RU Setorial 1 ( Pampulha),3,Jantar,2022/1,2,3,4,5,5,5,Não,,,,,,5,5,1,2,5,,
04/12/2022 10:29:33,ESTUDANTE DE GRADUAÇÃO,Farmácia ,Não sou assistido pela Fump,,,Mulher Cis,Branco,"de 1 a 3 salários mínimos (De R$1212,00 até R$3636,00)",RU Setorial 1 ( Pampulha),4,Almoço,2022/2,4,3,4,2,4,5,Sim,Onívoro (consome alimentos de origem animal e vegetal),1 a 2 vezes,3,2,3,4,4,1,1,4,,
04/12/2022 10:30:26,ESTUDANTE DE GRADUAÇÃO,Antropologia ,Não sou assistido pela Fump,,,Mulher Cis,Branco,"de 3 a 5 salários mínimos (de R$3636,00 até R$6060,00)",RU Setorial 2 (Pampulha),5,Almoço,2018/2,2,4,4,3,4,5,Não,,,,,,5,5,3,5,5,Não ,
04/12/2022 10:37:26,ESTUDANTE DO COLTEC,,,,,Homem Cis,Branco,"de 3 a 5 salários mínimos (de R$3636,00 até R$6060,00)",RU Setorial 1 ( Pampulha),5,Almoço,2021,2,2,3,4,4,5,Sim,Onívoro (consome alimentos de origem animal e vegetal),1 a 2 vezes,3,3,3,4,4,3,4,4,,"Acredito que o RU 1 não têm uma capacidade satisfatório para receber alunos durante o horário de almoço, já que nesse horário as filas ficam enormes, aumentando o tempo de espera. Além disso o espaço interno apesar de grande fica cheio ao ponto de não haver lugar."
04/12/2022 10:37:48,ESTUDANTE DE GRADUAÇÃO,Engenharia mecânica ,Não sou assistido pela Fump,,,Homem Cis,Branco,"mais de 5 salários mínimos (mais de R$6060,00)",RU Setorial 2 (Pampulha),2,Almoço,2022/2,3,2,4,3,4,5,Não,,,,,,2,3,1,1,4,Não ,"Variar os acompanhamentos, todo dia é arroz branco e feijão carioca"
04/12/2022 10:41:35,ESTUDANTE DE GRADUAÇÃO,Matemática ,Nível 1,,,Mulher Cis,Pardo,"Menos de 1 salário minimo (até R$1212,00)",RU Setorial 1 ( Pampulha),4,"Almoço, Jantar",2022/1,4,5,5,5,5,5,Sim,Onívoro (consome alimentos de origem animal e vegetal),1 a 2 vezes,3,2,3,5,5,5,5,5,,
04/12/2022 10:45:41,ESTUDANTE DE GRADUAÇÃO,Pedagogia,Nível 1,,,Não binário,Branco,"de 1 a 3 salários mínimos (De R$1212,00 até R$3636,00)",RU Setorial 1 ( Pampulha),5,Almoço,2022/2,4,3,4,5,5,5,Sim,"Ovolactovegetariano (não consomem nenhum tipo de carne, mas se alimenta de laticínios e ovos)",Todos os dias,4,3,3,5,5,3,3,5,,
04/12/2022 10:49:10,ESTUDANTE DE GRADUAÇÃO,Engenharia de minas,Não sou assistido pela Fump,,,Homem Cis,Branco,"Menos de 1 salário minimo (até R$1212,00)",RU Setorial 1 ( Pampulha),5,Almoço,2020/1,2,4,3,2,4,4,Não,,,,,,2,2,5,4,4,Não ,"O bandejão para quem paga 5,60, como eu, é ""justo"". 
Mas eu vejo que poderia ser mais barato por ver o preço do bandejão de outras universidades federais."
04/12/2022 10:51:17,ESTUDANTE DE GRADUAÇÃO,Letras,Não sou assistido pela Fump,,,Mulher Cis,Branco,"Menos de 1 salário minimo (até R$1212,00)",RU Setorial 1 ( Pampulha),4,"Almoço, Jantar",2019/2,2,5,5,3,4,5,Sim,"Ovolactovegetariano (não consomem nenhum tipo de carne, mas se alimenta de laticínios e ovos)",3 a 4 vezes,4,2,5,5,3,5,5,4,,
04/12/2022 10:52:43,ESTUDANTE DE GRADUAÇÃO,Arquitetura e Urbanismo diurno ,Nível 3,,,Homem Cis,Branco,"Menos de 1 salário minimo (até R$1212,00)",RU Saúde,6,"Café da manhã, Almoço, Jantar",2022/2,2,5,5,4,4,5,Sim,Onívoro (consome alimentos de origem animal e vegetal),1 a 2 vezes,4,2,2,3,4,4,5,5,,Só ressaltar que o quibe de cenoura é maravilhoso. 
04/12/2022 10:53:09,ESTUDANTE DE GRADUAÇÃO,socioambientais ,Nível 1,,,Homem Cis,Preto,"Menos de 1 salário minimo (até R$1212,00)",RU Setorial 1 ( Pampulha),5,"Almoço, Jantar",2018,3,3,4,5,4,5,Não,,,,,,5,5,5,5,5,,
04/12/2022 10:55:12,ESTUDANTE DE GRADUAÇÃO,Relações Econômicas Internacionais ,Não sou assistido pela Fump,,,Mulher Cis,Branco,"Menos de 1 salário minimo (até R$1212,00)",RU Setorial 1 ( Pampulha),4,Jantar,2020/1,2,5,2,5,5,5,Não,,,,,,5,5,3,4,4,,"Apenas a instalação de ventiladores, a verba não tá alta mas os RUs ficam muito abafados "
04/12/2022 10:58:43,ESTUDANTE DE GRADUAÇÃO,Farmácia ,Nível 2,,,Mulher Cis,Branco,"Menos de 1 salário minimo (até R$1212,00)",RU Setorial 2 (Pampulha),4,Almoço,2022/2,1,1,3,3,4,4,Sim,"Ovolactovegetariano (não consomem nenhum tipo de carne, mas se alimenta de laticínios e ovos)",Todos os dias,2,1,3,5,5,4,5,3,Uma atendente do caixa foi extremamente grossa ao falar que no caixa dela era apenas dinheiro trocado.,"Eu acho que deveria ter opções melhores, mais saborosas e diversificadas dos pratos vegetarianos."
04/12/2022 11:02:33,ESTUDANTE DE GRADUAÇÃO,Geologia ,Nível 1,,,Não binário,Pardo,"Menos de 1 salário minimo (até R$1212,00)",RU Setorial 1 ( Pampulha),6,"Café da manhã, Almoço, Jantar",2022/1,2,2,4,2,4,5,Sim,"Ovolactovegetariano (não consomem nenhum tipo de carne, mas se alimenta de laticínios e ovos)",Todos os dias,3,1,2,4,4,5,5,3,,
04/12/2022 11:06:25,ESTUDANTE DE GRADUAÇÃO,Ciências Sociais ,Nível 1,,,Mulher Cis,Branco,"Menos de 1 salário minimo (até R$1212,00)",RU Setorial 1 ( Pampulha),5,"Almoço, Jantar",2022/2,2,2,4,4,3,4,Não,,,,,,3,3,5,5,4,,
04/12/2022 11:07:20,ESTUDANTE DE GRADUAÇÃO,Engenharia civil,Nível 1,,,Mulher Cis,Pardo,"Menos de 1 salário minimo (até R$1212,00)",RU Setorial 2 (Pampulha),3,"Café da manhã, Almoço",2022/1,3,1,4,4,5,5,Não,,,,,,5,5,5,5,4,,
04/12/2022 11:07:26,ESTUDANTE DE GRADUAÇÃO,Letras,Nível 1,,,Homem Cis,Branco,"Menos de 1 salário minimo (até R$1212,00)",RU Setorial 1 ( Pampulha),6,"Almoço, Jantar",2017/1,3,4,5,5,5,5,Não,,,,,,5,5,5,5,5,,
04/12/2022 11:10:06,ESTUDANTE DE GRADUAÇÃO,Sistemas de Informação,Não sou assistido pela Fump,,,Homem Cis,Branco,"Menos de 1 salário minimo (até R$1212,00)",RU Setorial 1 ( Pampulha),5,Almoço,2022/1,2,4,4,3,5,5,Sim,"Ovolactovegetariano (não consomem nenhum tipo de carne, mas se alimenta de laticínios e ovos)",Todos os dias,4,3,4,5,4,3,4,4,,
04/12/2022 11:16:01,ESTUDANTE DE GRADUAÇÃO,Medicina,Não sou assistido pela Fump,,,Homem Cis,Amarelo,"Menos de 1 salário minimo (até R$1212,00)",RU Saúde,5,"Almoço, Jantar",2022/1,2,5,4,2,4,5,,Onívoro (consome alimentos de origem animal e vegetal),,,,,5,,1,1,4,,A sopa de macarrão e o frango assado do jantar do RU do direito é o melhor cardápio 
04/12/2022 11:21:38,ESTUDANTE DE GRADUAÇÃO,Psicologia,Não sou assistido pela Fump,,,Mulher Cis,Branco,"de 1 a 3 salários mínimos (De R$1212,00 até R$3636,00)",RU Setorial 1 ( Pampulha),4,Almoço,2022/1,5,1,4,5,5,5,Não,,,,,,5,5,1,5,4,,
04/12/2022 11:28:47,ESTUDANTE DE GRADUAÇÃO,Odontologia,Não sou assistido pela Fump,,,Homem Cis,Pardo,"de 3 a 5 salários mínimos (de R$3636,00 até R$6060,00)",RU Setorial 2 (Pampulha),3,Almoço,2022/2,3,5,5,4,5,4,Não,,,,,,5,5,1,5,5,Não,"Caixa de cartão não deveria aceitar dinheiro, pois é o único motivo de agarrar a fila.  Tbm acho que a carne(proteína deveria ser 2 pedaços, devido ao tamanho que bem pequeno)."
04/12/2022 11:33:56,ESTUDANTE DE GRADUAÇÃO,Cinema de animação ,Nível 2,,,Mulher Cis,Pardo,"Menos de 1 salário minimo (até R$1212,00)",RU Setorial 2 (Pampulha),5,"Café da manhã, Almoço, Jantar",2022/1,5,5,3,2,4,5,Não,,,,,,5,5,5,5,4,,
04/12/2022 11:35:16,ESTUDANTE DE GRADUAÇÃO,Ciências biológicas ,Não sou assistido pela Fump,,,Mulher Cis,Preto,"de 3 a 5 salários mínimos (de R$3636,00 até R$6060,00)",RU Setorial 2 (Pampulha),5,"Almoço, Jantar",2022/1,1,1,4,2,3,5,Sim,"Ovolactovegetariano (não consomem nenhum tipo de carne, mas se alimenta de laticínios e ovos)",Todos os dias,2,1,4,5,4,5,5,4,,
04/12/2022 11:40:19,ESTUDANTE DE GRADUAÇÃO,Ciências Biológicas ,Não sou assistido pela Fump,,,Mulher Cis,Branco,"de 1 a 3 salários mínimos (De R$1212,00 até R$3636,00)",RU Setorial 1 ( Pampulha),2,Almoço,2014/2,1,5,3,5,5,5,Sim,Onívoro (consome alimentos de origem animal e vegetal),1 a 2 vezes,5,3,3,4,4,4,4,4,,
04/12/2022 11:43:12,ESTUDANTE DE GRADUAÇÃO,Ciências biológicas ,Nível 1,,,Mulher Cis,Pardo,"Menos de 1 salário minimo (até R$1212,00)",RU Setorial 2 (Pampulha),5,"Café da manhã, Almoço",2022/2,3,2,5,5,4,4,Sim,"Flexitariano (consome carne ocasionalmente, sem manter uma frequência diária)",3 a 4 vezes,4,3,3,3,3,5,5,4,,"Um caixa somente para fumpistas, me disseram que tem mas nunca descobri "
04/12/2022 11:46:02,ESTUDANTE DE GRADUAÇÃO,Engenharia de controle de automacao,Não sou assistido pela Fump,,,Homem Cis,Branco,"mais de 5 salários mínimos (mais de R$6060,00)",RU Setorial 2 (Pampulha),5,"Almoço, Jantar",19/1,3,2,3,4,4,4,Não,,,,,,5,5,1,1,3,,
04/12/2022 11:46:27,ESTUDANTE DE GRADUAÇÃO,Ciência da Computação ,Não sou assistido pela Fump,,,Homem Cis,Branco,"de 1 a 3 salários mínimos (De R$1212,00 até R$3636,00)",RU Setorial 1 ( Pampulha),6,"Almoço, Jantar",2021/1,4,1,4,5,5,5,Sim,Onívoro (consome alimentos de origem animal e vegetal),1 a 2 vezes,3,2,4,5,5,1,4,4,,
04/12/2022 11:49:16,ESTUDANTE DE GRADUAÇÃO,Matemática ,Não sou assistido pela Fump,,,Homem Cis,Branco,"mais de 5 salários mínimos (mais de R$6060,00)",RU Setorial 2 (Pampulha),3,Almoço,2022/1,3,2,3,5,5,5,Sim,Onívoro (consome alimentos de origem animal e vegetal),1 a 2 vezes,4,2,3,5,5,2,2,5,,
04/12/2022 11:59:50,ESTUDANTE DE GRADUAÇÃO,terapia ocupacional ,Nível 4,,,Mulher Cis,Branco,"de 3 a 5 salários mínimos (de R$3636,00 até R$6060,00)",RU Setorial 2 (Pampulha),4,Almoço,2022/1,2,1,3,5,5,5,Não,,,,,,3,5,1,1,4,,
04/12/2022 12:01:34,ESTUDANTE DE GRADUAÇÃO,Terapia Ocupacional ,Nível 1,,,Mulher Cis,Pardo,"Menos de 1 salário minimo (até R$1212,00)",RU Setorial 1 ( Pampulha),4,"Café da manhã, Almoço",2022/2,3,1,3,2,5,5,Não,,,,,,3,3,3,5,4,,
04/12/2022 12:07:27,ESTUDANTE DE GRADUAÇÃO,matemática ,Não sou assistido pela Fump,,,Homem Cis,Preto,"de 1 a 3 salários mínimos (De R$1212,00 até R$3636,00)",RU Setorial 1 ( Pampulha),3,Jantar,2019/1,4,4,4,4,5,5,Não,,,,,,4,4,5,5,4,,
04/12/2022 12:20:15,ESTUDANTE DE GRADUAÇÃO,Letras,Não sou assistido pela Fump,,,Prefiro não declarar,Branco,"de 1 a 3 salários mínimos (De R$1212,00 até R$3636,00)",RU Setorial 1 ( Pampulha),3,Almoço,2022/2,4,4,5,5,5,5,Não,,,,,,5,1,2,5,4,,Os preços deveriam ser mais acessíveis.
04/12/2022 12:28:58,ESTUDANTE DE GRADUAÇÃO,Educação Física,Nível 1,,,Homem Cis,Branco,"Menos de 1 salário minimo (até R$1212,00)",RU Setorial 1 ( Pampulha),5,"Almoço, Jantar",2022/1,3,2,4,5,5,5,Não,,,,,,5,5,5,5,5,,
04/12/2022 12:36:19,ESTUDANTE DE GRADUAÇÃO,Engenharia Metalúrgica ,Não sou assistido pela Fump,,,Homem Cis,Pardo,"Menos de 1 salário minimo (até R$1212,00)",RU Setorial 1 ( Pampulha),3,Almoço,2018/2,2,2,2,4,4,4,Sim,Onívoro (consome alimentos de origem animal e vegetal),Todos os dias,3,3,3,3,3,3,3,3,,"Eu acho que poderia ser discutido medidas para diminuir o preço do RU, eu imagino que a maior parte do preço venha por causa do compra de produtos de origem animal então não tem o que fazer, mas para os produtos de origem vegetal e os outros como ovos poderiam talvez uma parte desses produtos serem produzidos na própria ufmg. Essa produção poderia ser feita pela implementação de um projeto de extensão da própria universidade, dessa forma acredito eu que não só traria uma conscientização da sociedade estudantil a respeito das dificuldades que existem na agricultura familiar, assim como um senso de respeito por esses trabalhadores e pela comida que chaga aí bandejão, fora que por ser uma faculdade com um caráter mais voltada a pesquisa poderia haver sim um estudo acerca da melhora dos meios de produção pautados obviamente na sustentabilidade. Eu sei que a UFMG já possui um campus que é dedicado às ciências agrárias, porém acredito que devido a distancia que existe entre o campus principal(pampulha) e o campus de Montes Claros parece que discussões desse tipo ficam concentradas apenas naquele campus e não chegam a ser pautadas no campus principal(pampulha), sendo que esse assunto é de suma importância para nós como nação,  considerando o momento em que vivemos. "
04/12/2022 13:17:10,ESTUDANTE DE GRADUAÇÃO,Letras,Nível 1,,,Prefiro não declarar,Branco,"Menos de 1 salário minimo (até R$1212,00)",RU Setorial 1 ( Pampulha),6,"Almoço, Jantar",2020/1,3,3,4,2,3,3,Sim,Onívoro (consome alimentos de origem animal e vegetal),3 a 4 vezes,3,1,3,3,3,5,5,4,,
04/12/2022 13:32:00,ESTUDANTE DE GRADUAÇÃO,Engenharia,Não sou assistido pela Fump,,,Mulher Cis,Branco,"de 3 a 5 salários mínimos (de R$3636,00 até R$6060,00)",RU Setorial 2 (Pampulha),5,Almoço,2022/2,1,1,2,4,5,5,Não,,,,,,3,3,1,3,3,,
04/12/2022 13:39:40,ESTUDANTE DE GRADUAÇÃO,Matemática ,Não sou assistido pela Fump,,,Homem Cis,Branco,"Menos de 1 salário minimo (até R$1212,00)",RU Setorial 2 (Pampulha),2,Almoço,2022/1,4,3,5,4,4,5,Sim,"Ovolactovegetariano (não consomem nenhum tipo de carne, mas se alimenta de laticínios e ovos)",Todos os dias,4,2,5,5,5,5,4,4,,
04/12/2022 14:21:53,ESTUDANTE DE GRADUAÇÃO,2021087845,Nível 1,,,Homem,Indígena,"Menos de 1 salário minimo (até R$1212,00)",RU Setorial 1 ( Pampulha),6,"Café da manhã, Almoço, Jantar",2022,5,5,5,5,5,5,Sim,Vegano ou vegetariano estrito (não consomem nada de origem animal),1 a 2 vezes,5,5,5,5,5,5,5,5,,
04/12/2022 14:23:24,ESTUDANTE DE GRADUAÇÃO,Arquitetura,Nível 1,,,Mulher Cis,Pardo,"Menos de 1 salário minimo (até R$1212,00)",RU Saúde,3,Jantar,2018/2,2,5,5,5,5,5,Não,,,,,,5,5,5,5,5,Não. ,Acho que a colocação de mais caixas ajudaria com que a fila andasse mais rápido.
04/12/2022 14:49:21,ESTUDANTE DE GRADUAÇÃO,Engenharia de Controle e Automação ,Nível 1,,,Homem Cis,Pardo,"Menos de 1 salário minimo (até R$1212,00)",RU Setorial 2 (Pampulha),6,"Café da manhã, Almoço, Jantar",2022/01,2,3,4,3,4,5,Não,,,,,,5,5,5,5,3,,
04/12/2022 14:49:28,ESTUDANTE DE GRADUAÇÃO,Farmácia ,Não sou assistido pela Fump,,,Homem Cis,Branco,"de 3 a 5 salários mínimos (de R$3636,00 até R$6060,00)",RU Setorial 1 ( Pampulha),3,Almoço,2022/1,4,1,1,1,3,2,Não,,,,,,1,2,1,2,2,"Os funcionários servem pouca comida (carne e guarnição) para pessoa gordas, e servem muita comida (carne e guarnição) para pessoas magras","Fump tinha que rever muita coisa, o bandeijão mais caro do Brasil com problemas sérios, como a falta de copo e bandeija, vários relatos de bichos e objetos indesejáveis encontrados na comida, porções de carne e opção vegetariana ridículas de pequena e salada ultimamente é só alface"
04/12/2022 14:50:37,ESTUDANTE DE GRADUAÇÃO,Museologia ,Não sou assistido pela Fump,,,Mulher Cis,Branco,"Menos de 1 salário minimo (até R$1212,00)",RU Setorial 1 ( Pampulha),5,Almoço,2021/02,2,5,5,5,5,5,Sim,Onívoro (consome alimentos de origem animal e vegetal),1 a 2 vezes,5,5,5,4,4,5,5,5,,"O molho de pimenta não é muito confiável, estou com intoxicação alimentar por conta dele "
04/12/2022 15:01:54,ESTUDANTE DE GRADUAÇÃO,Turismo,Não sou assistido pela Fump,,,Mulher Cis,Pardo,"Menos de 1 salário minimo (até R$1212,00)",RU Setorial 1 ( Pampulha),3,"Almoço, Jantar",2022/2,3,3,5,3,4,5,Sim,"Ovolactovegetariano (não consomem nenhum tipo de carne, mas se alimenta de laticínios e ovos)",Todos os dias,3,2,2,5,5,1,2,5,,
04/12/2022 15:06:38,ESTUDANTE DE GRADUAÇÃO,Geografia ,Nível 1,,,Homem Cis,Pardo,"Menos de 1 salário minimo (até R$1212,00)",RU Setorial 1 ( Pampulha),6,"Café da manhã, Almoço, Jantar",2021/2,3,2,3,4,5,5,Não,,,,,,5,5,5,5,4,,"Um RU pelo menos poderia servir jantar ao sábados e pelo menos almoço ao domingos . Visto que , estudantes em níveis I por exemplo tem que se submeterem a terem refeições como pouco valor nutritivo ou quase nenhum para suprir a falta dessas refeições mencionadas .Muitos outras Universidades adotam essa forma. 

No café da manhã poderia ser oferecido uma quantidade maior de alimento principal ( pão , bolacha …) . "
04/12/2022 15:49:09,ESTUDANTE DE GRADUAÇÃO,Matemática ,Não sou assistido pela Fump,,,Mulher Cis,Pardo,"de 3 a 5 salários mínimos (de R$3636,00 até R$6060,00)",RU Setorial 1 ( Pampulha),1,Jantar,2022/2,5,4,5,3,4,5,Sim,"Ovolactovegetariano (não consomem nenhum tipo de carne, mas se alimenta de laticínios e ovos)",Todos os dias,4,2,4,5,5,1,1,4,,
04/12/2022 15:57:05,ESTUDANTE DE GRADUAÇÃO,Geografia,Não sou assistido pela Fump,,,Mulher Cis,Branco,"de 1 a 3 salários mínimos (De R$1212,00 até R$3636,00)",RU Setorial 1 ( Pampulha),3,Jantar,2022/02,1,3,4,4,5,5,Sim,"Ovolactovegetariano (não consomem nenhum tipo de carne, mas se alimenta de laticínios e ovos)",Todos os dias,5,2,3,4,3,2,3,5,,Algumas vezes gostaria que a porção servida do prato protéico vegetariano fosse maior. 
04/12/2022 16:10:52,ESTUDANTE DE GRADUAÇÃO,Farmácia ,Nível 4,,,Mulher Cis,Pardo,"Menos de 1 salário minimo (até R$1212,00)",RU Setorial 2 (Pampulha),5,"Almoço, Jantar",2022/1,3,4,5,4,5,5,Não,,,,,,5,5,3,3,4,,
04/12/2022 16:49:07,ESTUDANTE DE GRADUAÇÃO,Arquitetura e Urbanismo ,Nível 2,,,Mulher Cis,Branco,"Menos de 1 salário minimo (até R$1212,00)",RU Direito,4,Almoço,2022/2,2,4,3,4,4,4,Não,,,,,,4,5,1,3,4,Não ,
04/12/2022 18:17:18,ESTUDANTE DE GRADUAÇÃO,Fisioterapia ,Não sou assistido pela Fump,,,Mulher Cis,Branco,"de 3 a 5 salários mínimos (de R$3636,00 até R$6060,00)",RU Setorial 2 (Pampulha),3,Almoço,2022/1,4,3,4,5,5,5,Não,,,,,,5,5,3,2,4,,
04/12/2022 19:27:35,ESTUDANTE DE GRADUAÇÃO,Ciências do Estado,Não sou assistido pela Fump,,,Homem Cis,Branco,"de 1 a 3 salários mínimos (De R$1212,00 até R$3636,00)",RU Direito,4,"Almoço, Jantar",2022/1,2,3,3,5,5,4,Sim,Onívoro (consome alimentos de origem animal e vegetal),1 a 2 vezes,4,2,2,5,2,2,5,5,,"O RU do Direito poderia começar a ter os pacotinhos de sal, tal qual os do Campus. Graças a Deus voltou agora com a farinha e a pimentinha, porque algumas vezes a comida (que vem lá da saúde) vem até temperada, mas sem sal. Poderia também voltar com o 2º caixa funcionando para a janta. Não adianta nada colocar lá só para o horário do almoço se de noite não funciona."
04/12/2022 19:30:07,ESTUDANTE DE GRADUAÇÃO,Ciencias Atuariais ,Não sou assistido pela Fump,,,Homem Cis,Pardo,"Menos de 1 salário minimo (até R$1212,00)",RU Setorial 2 (Pampulha),1,Almoço,2022/1,4,5,4,4,4,4,Não,,,,,,5,5,1,1,4,,
04/12/2022 19:53:46,ESTUDANTE DE GRADUAÇÃO,Ciências Atuariais ,,,,Homem Cis,Branco,"Menos de 1 salário minimo (até R$1212,00)",RU Setorial 2 (Pampulha),4,Almoço,2022/1,3,5,4,2,2,4,Não,,,,,,5,5,1,3,4,,
04/12/2022 19:58:45,ESTUDANTE DE GRADUAÇÃO,Controladoria e Finanças,Não sou assistido pela Fump,,,Mulher Cis,Branco,"de 1 a 3 salários mínimos (De R$1212,00 até R$3636,00)",RU Setorial 1 ( Pampulha),5,Almoço,2022/1,2,3,4,5,4,5,Sim,"Ovolactovegetariano (não consomem nenhum tipo de carne, mas se alimenta de laticínios e ovos)",5 a 6 vezes,4,2,4,5,5,1,2,4,,
04/12/2022 20:00:23,ESTUDANTE DE GRADUAÇÃO,Ciências atuarias ,Não sou assistido pela Fump,,,Homem Cis,Preto,"Menos de 1 salário minimo (até R$1212,00)",RU Setorial 2 (Pampulha),4,"Almoço, Jantar",2022/1,3,3,4,4,3,4,Não,,,,,,5,5,1,2,4,,
04/12/2022 20:02:48,ESTUDANTE DE GRADUAÇÃO,Engenharia de Minas.,Nível 1,,,Homem Cis,Preto,"Menos de 1 salário minimo (até R$1212,00)",RU Setorial 1 ( Pampulha),6,"Almoço, Jantar",2022/1.,3,2,3,4,5,5,Não,,,,,,5,5,4,4,4,"Sim, um vegetariano brigando com as senhoras que trabalham lá por conta de uma farofa que era sobra da comida da tarde. A farofa sobrou e deixaram ali no balcão para quem quisesse se servir, assim como de costume de sempre, até que um vegetariano começou a gritar que não ter farofa para veganos era um desrespeito e blá blá blá, sendo que eram SOBRAS. As tias e trabalhadores do RU não mereciam o que ele fez de ir até a cozinha e gritar com eles.","Te amo RU, agora que estágio não vou tanto, porém já precisei demais sendo nível I. Agradeço muito ao RU, por tudo!! Só tiram os molhos de manjericão, de resto vocês são perfeitos!!"
04/12/2022 20:43:20,ESTUDANTE DE GRADUAÇÃO,odontologia ,Não sou assistido pela Fump,,,Mulher Cis,Branco,"mais de 5 salários mínimos (mais de R$6060,00)",RU Setorial 2 (Pampulha),3,Almoço,2022,4,3,5,2,2,4,Sim,Onívoro (consome alimentos de origem animal e vegetal),1 a 2 vezes,1,1,2,3,4,1,1,3,,
04/12/2022 21:25:59,ESTUDANTE DE GRADUAÇÃO,Psicologia ,Nível 3,,,Mulher Cis,Pardo,"Menos de 1 salário minimo (até R$1212,00)",RU Setorial 1 ( Pampulha),5,Almoço,2022/1,2,1,3,5,5,5,Sim,"Ovolactovegetariano (não consomem nenhum tipo de carne, mas se alimenta de laticínios e ovos)",Todos os dias,4,2,3,5,5,5,5,5,Pessoas que utilizam o bandeco sendo mal educados com os trabalhadores de la,Voltem a fazer feijoada por favor 
04/12/2022 21:27:08,ESTUDANTE DE GRADUAÇÃO,Fisioterapia ,Não sou assistido pela Fump,,,Mulher Cis,Branco,"de 1 a 3 salários mínimos (De R$1212,00 até R$3636,00)",RU Setorial 2 (Pampulha),5,"Almoço, Jantar",2022/1,3,1,2,5,4,4,Não,,,,,,3,2,2,5,4,,
04/12/2022 21:32:12,ESTUDANTE DE GRADUAÇÃO,Ciências Biológicas,Não sou assistido pela Fump,,,Não binário,Branco,"mais de 5 salários mínimos (mais de R$6060,00)",RU Setorial 2 (Pampulha),3,Almoço,2022/1,4,5,4,5,5,5,Sim,"Flexitariano (consome carne ocasionalmente, sem manter uma frequência diária)",Todos os dias,5,3,5,5,5,1,2,5,,
04/12/2022 22:24:32,ESTUDANTE DE GRADUAÇÃO,Design de Moda,Nível 4,,,Mulher Cis,Branco,"Menos de 1 salário minimo (até R$1212,00)",RU Setorial 1 ( Pampulha),5,Almoço,2020/1,2,5,4,4,5,5,Sim,Onívoro (consome alimentos de origem animal e vegetal),1 a 2 vezes,5,3,4,5,5,5,5,5,,
04/12/2022 23:58:17,ESTUDANTE DE GRADUAÇÃO,Jornalismo ,Não sou assistido pela Fump,,,Homem Cis,Branco,"mais de 5 salários mínimos (mais de R$6060,00)",RU Setorial 1 ( Pampulha),3,Almoço,2022/2,4,3,3,3,5,5,Sim,Vegano ou vegetariano estrito (não consomem nada de origem animal),Todos os dias,3,4,4,5,5,1,2,4,,Tornar todas opções vegetarianas em veganas de uma vez
05/12/2022 00:02:00,ESTUDANTE DE GRADUAÇÃO,Arquitetura e Urbanismo ,Nível 1,,,Mulher Cis,Branco,"Menos de 1 salário minimo (até R$1212,00)",RU Saúde,5,Almoço,2022/1,4,5,2,4,5,5,Sim,Onívoro (consome alimentos de origem animal e vegetal),1 a 2 vezes,5,4,4,5,5,4,5,5,,"Apenas sugestão em redispor as mesas no refeitório do RU saúde, ao contrário do atual. pois do modo em que está as pilastras atrapalham muito a passagem com bandejas. Sobre o cardápio seria muito interessante voltar com as feijoadas às sextas"
05/12/2022 00:25:13,ESTUDANTE DO COLTEC,,,,,Mulher Cis,Pardo,"de 3 a 5 salários mínimos (de R$3636,00 até R$6060,00)",RU Setorial 1 ( Pampulha),3,Almoço,2022,2,3,4,5,5,5,Não,,,,,,5,5,1,1,4,,
05/12/2022 00:57:02,ESTUDANTE DE GRADUAÇÃO,Engenharia Química,Não sou assistido pela Fump,,,Homem Cis,Branco,"de 1 a 3 salários mínimos (De R$1212,00 até R$3636,00)",RU Setorial 2 (Pampulha),4,Almoço,2020/1,3,2,2,2,2,5,Não,,,,,,4,5,2,4,3,,
05/12/2022 01:28:53,ESTUDANTE DE GRADUAÇÃO,Fonoaudiologia,Nível 3,,,Mulher Cis,Pardo,"de 3 a 5 salários mínimos (de R$3636,00 até R$6060,00)",RU Saúde,5,"Café da manhã, Almoço, Jantar",2022/1,2,1,2,4,5,5,Sim,Onívoro (consome alimentos de origem animal e vegetal),1 a 2 vezes,4,2,3,5,5,5,5,4,,
05/12/2022 01:31:05,ESTUDANTE DE GRADUAÇÃO,Pedagogia ,Não sou assistido pela Fump,,,Mulher Cis,Pardo,"de 1 a 3 salários mínimos (De R$1212,00 até R$3636,00)",RU Setorial 1 ( Pampulha),3,Almoço,2022/2,2,4,3,2,4,4,Sim,"Flexitariano (consome carne ocasionalmente, sem manter uma frequência diária)",3 a 4 vezes,3,3,2,3,2,2,3,4,,
05/12/2022 05:51:30,ESTUDANTE DE GRADUAÇÃO,terapia ocupacional ,Nível 1,,,Homem Cis,Preto,"Menos de 1 salário minimo (até R$1212,00)",RU Setorial 2 (Pampulha),5,"Café da manhã, Almoço",2022/1,3,2,4,4,5,5,Sim,"Flexitariano (consome carne ocasionalmente, sem manter uma frequência diária)",3 a 4 vezes,2,2,2,5,5,5,4,3,,
05/12/2022 05:52:02,ESTUDANTE DE GRADUAÇÃO,Engenharia Elétrica ,Não sou assistido pela Fump,,,Homem Cis,Pardo,"Menos de 1 salário minimo (até R$1212,00)",RU Setorial 2 (Pampulha),5,Almoço,2022/2,3,4,4,4,5,5,Não,,,,,,4,4,2,3,4,,
05/12/2022 05:58:32,ESTUDANTE DE GRADUAÇÃO,Turismo,Não sou assistido pela Fump,,,Mulher Cis,Branco,"de 1 a 3 salários mínimos (De R$1212,00 até R$3636,00)",RU Setorial 1 ( Pampulha),2,Almoço,2022/1,3,2,5,5,5,5,Não,,,,,,5,5,2,2,5,,
05/12/2022 06:08:49,ESTUDANTE DO COLTEC,,,,,Homem Cis,Branco,"mais de 5 salários mínimos (mais de R$6060,00)",RU Setorial 1 ( Pampulha),2,Almoço,2020/1,5,5,3,2,3,5,Não,,,,,,5,5,1,1,4,Algumas vezes já faltou garfo/copo.,Gosto muito! 
05/12/2022 06:28:29,ESTUDANTE DE GRADUAÇÃO,Letras,Nível 1,,,Mulher Cis,Branco,"de 1 a 3 salários mínimos (De R$1212,00 até R$3636,00)",RU Setorial 1 ( Pampulha),4,"Almoço, Jantar",2022/1,2,5,5,4,5,5,Sim,Onívoro (consome alimentos de origem animal e vegetal),1 a 2 vezes,2,2,2,5,5,3,5,4,,
05/12/2022 06:50:13,ESTUDANTE DE GRADUAÇÃO,Ciências Econômicas ,Nível 4,,,Homem Cis,Branco,"de 1 a 3 salários mínimos (De R$1212,00 até R$3636,00)",RU Setorial 2 (Pampulha),5,Almoço,2020/2,2,1,4,2,3,4,Não,,,,,,5,5,5,5,4,,CHEGA DE VIRADO DE CENURA
05/12/2022 07:24:54,ESTUDANTE DE GRADUAÇÃO,Farmácia ,Não sou assistido pela Fump,,,Mulher Cis,Branco,"de 3 a 5 salários mínimos (de R$3636,00 até R$6060,00)",RU Setorial 2 (Pampulha),5,Almoço,2022/1,4,2,4,4,5,5,Sim,Onívoro (consome alimentos de origem animal e vegetal),3 a 4 vezes,4,2,4,5,5,1,5,4,,
05/12/2022 07:40:37,ESTUDANTE DE GRADUAÇÃO,Ciências bibiológicas ,Nível 1,,,Mulher Cis,Pardo,"de 1 a 3 salários mínimos (De R$1212,00 até R$3636,00)",RU Setorial 2 (Pampulha),5,"Almoço, Jantar",2022/1,4,2,5,4,5,5,Sim,Onívoro (consome alimentos de origem animal e vegetal),3 a 4 vezes,3,2,2,3,3,3,5,5,,
05/12/2022 07:43:33,ESTUDANTE DE GRADUAÇÃO,Pedagogia ,Nível 1,,,Mulher Cis,Branco,"Menos de 1 salário minimo (até R$1212,00)",RU Setorial 1 ( Pampulha),6,Almoço,2020/1,3,3,2,4,4,4,Sim,"Ovolactovegetariano (não consomem nenhum tipo de carne, mas se alimenta de laticínios e ovos)",1 a 2 vezes,3,1,2,5,5,5,5,4, ,"A falta de preparo e acessibilidade dentro do ru / as opções vegetarianas poderiam ter uma variedade maior (geralmente só tem legume), já que algumas vezes há duas opções de carne, por exemplo "
05/12/2022 07:57:21,ESTUDANTE DE GRADUAÇÃO,Farmácia ,Não sou assistido pela Fump,,,Mulher Cis,Pardo,"de 1 a 3 salários mínimos (De R$1212,00 até R$3636,00)",RU Setorial 2 (Pampulha),5,Almoço,2022/1,2,5,3,3,4,5,Sim,"Flexitariano (consome carne ocasionalmente, sem manter uma frequência diária)",1 a 2 vezes,3,3,2,2,3,4,5,4,,
05/12/2022 08:14:53,ESTUDANTE DE GRADUAÇÃO,Engenharia Mecânica ,Não sou assistido pela Fump,,,Mulher Cis,Branco,"Menos de 1 salário minimo (até R$1212,00)",RU Setorial 1 ( Pampulha),4,Almoço,2021/2,2,4,5,5,5,5,Sim,Onívoro (consome alimentos de origem animal e vegetal),3 a 4 vezes,4,2,3,5,5,2,1,4,,"Sobre a refeição vegetariana: algumas vezes ficam dias seguidos tendo bolinhos fritos, o que não me agrada muito, acho pouco saboroso quando repetido várias vezes. 
Sobre o geral: diria que poucas vezes tive do que reclamar no RU, o preço é muito bom mesmo pra quem não é fumpista e sempre somos bem atendidos. A comida vez ou outra não está tão boa, mas acho que é muito ocasional, então vale a pena "
05/12/2022 08:22:49,ESTUDANTE DE GRADUAÇÃO,Eng mec,Não sou assistido pela Fump,,,Homem Cis,Branco,"Menos de 1 salário minimo (até R$1212,00)",RU Setorial 1 ( Pampulha),3,"Almoço, Jantar",2022/1,2,4,4,4,4,5,Não,,,,,,4,5,2,3,4,,
05/12/2022 08:23:24,ESTUDANTE DE GRADUAÇÃO,Terapia ocupacional ,Nível 1,,,Mulher Cis,Pardo,"Menos de 1 salário minimo (até R$1212,00)",RU Setorial 2 (Pampulha),4,"Café da manhã, Almoço",2022,4,1,4,3,4,4,Não,,,,,,5,5,5,5,4,,"Acho os funcionários bem educados, e acredito que falte mais álcool no restaurante após passarmos pelo caixa. "
05/12/2022 08:35:56,ESTUDANTE DE GRADUAÇÃO,Ciências Biológicas ,Não sou assistido pela Fump,,,Mulher Cis,Branco,"Menos de 1 salário minimo (até R$1212,00)",RU Setorial 1 ( Pampulha),1,"Almoço, Jantar",2022/1,2,3,4,5,5,5,Sim,"Flexitariano (consome carne ocasionalmente, sem manter uma frequência diária)",3 a 4 vezes,5,5,5,5,5,3,3,5,,Tenho reparado que comer o feijão do RU tem me dado muitos gases.
05/12/2022 08:42:53,ESTUDANTE DE GRADUAÇÃO,Psicologia ,Não sou assistido pela Fump,,,Mulher Cis,Branco,"de 3 a 5 salários mínimos (de R$3636,00 até R$6060,00)",RU Setorial 1 ( Pampulha),3,Almoço,2022/2,2,4,5,4,3,4,Sim,"Ovolactovegetariano (não consomem nenhum tipo de carne, mas se alimenta de laticínios e ovos)",Todos os dias,3,1,4,5,4,2,3,4,,
05/12/2022 08:55:55,ESTUDANTE DE GRADUAÇÃO,Medicina,Nível 4,,,Homem Cis,Branco,"de 1 a 3 salários mínimos (De R$1212,00 até R$3636,00)",RU Saúde,6,"Almoço, Jantar",2022/1,4,4,4,4,3,4,Não,,,,,,5,5,1,3,4,,
05/12/2022 08:57:43,ESTUDANTE DE GRADUAÇÃO,Arquivologia ,Nível 3,,,Mulher Cis,Branco,"de 1 a 3 salários mínimos (De R$1212,00 até R$3636,00)",RU Setorial 1 ( Pampulha),5,Jantar,2022/1,4,2,4,4,5,5,Sim,"Flexitariano (consome carne ocasionalmente, sem manter uma frequência diária)",3 a 4 vezes,4,2,2,5,5,5,5,4,"Depois das 18h é quase impossível conseguir copo no RU1. Faço estágio e só consigo chegar nesse horário, então nunca consigo copo, então estou levando de casa meu próprio copo ou garrafinha. O mesmo vale para os guardanapos.",
05/12/2022 09:06:29,ESTUDANTE DE GRADUAÇÃO,Ciências Sociais,Nível 1,,,Mulher Cis,Preto,"de 1 a 3 salários mínimos (De R$1212,00 até R$3636,00)",RU Setorial 1 ( Pampulha),5,Almoço,2022/2,1,4,4,5,5,5,Não,,,,,,4,1,5,5,3,Desrespeito com os funcionários ,
05/12/2022 09:40:37,ESTUDANTE DE GRADUAÇÃO,Engenharia Civil,Nível 3,,,Mulher Cis,Pardo,"Menos de 1 salário minimo (até R$1212,00)",RU Setorial 2 (Pampulha),3,"Almoço, Jantar",2022/2,2,4,4,3,4,4,Não,,,,,,5,5,4,5,4,,
05/12/2022 09:42:15,ESTUDANTE DE GRADUAÇÃO,Educacao fisica,Nível 1,,,Mulher Cis,Branco,"Menos de 1 salário minimo (até R$1212,00)",RU Setorial 1 ( Pampulha),3,Almoço,2021/2,5,5,4,3,4,5,Não,,,,,,5,5,4,5,4,,
05/12/2022 10:08:44,ESTUDANTE DE PÓS-GRADUAÇÃO,,,Mestrado em Bioinformática,Não sou assistido pela Fump,Homem Cis,Pardo,"de 1 a 3 salários mínimos (De R$1212,00 até R$3636,00)",RU Setorial 1 ( Pampulha),4,"Almoço, Jantar",2022/4,4,4,5,4,5,5,Sim,Onívoro (consome alimentos de origem animal e vegetal),1 a 2 vezes,5,2,3,5,4,5,3,4,,Sugestões: Necessária reorganização do fluxo do RU2 (Do caixa até os sucos) e coberta na área exterior do RU1
05/12/2022 13:38:46,ESTUDANTE DE GRADUAÇÃO,Arquitetura e Urbanismo ,Nível 4,,,Mulher Cis,Branco,"Menos de 1 salário minimo (até R$1212,00)",RU Saúde,2,Almoço,2022/1,2,4,2,4,4,5,Sim,"Ovolactovegetariano (não consomem nenhum tipo de carne, mas se alimenta de laticínios e ovos)",Todos os dias,3,3,3,4,4,2,2,4,,
05/12/2022 13:51:30,ESTUDANTE DE GRADUAÇÃO,Engenharia química ,Nível 1,,,Mulher Cis,Pardo,"de 1 a 3 salários mínimos (De R$1212,00 até R$3636,00)",RU Setorial 1 ( Pampulha),4,Almoço,2020/1,2,3,3,4,4,3,Não,,,,,,5,5,5,5,4,,
06/12/2022 14:32:18,TÉCNICO ADMINISTRATIVO,,,,,Mulher Cis,Pardo,"de 3 a 5 salários mínimos (de R$3636,00 até R$6060,00)",RU Setorial 1 ( Pampulha),3,Almoço,2015,2,3,4,2,3,4,Não,,,,,,5,5,1,3,4,"copos sujos, com marcas de batom. ",
06/12/2022 14:39:42,TÉCNICO ADMINISTRATIVO,,,,,Homem Cis,Branco,"mais de 5 salários mínimos (mais de R$6060,00)",RU Setorial 1 ( Pampulha),5,Almoço,2003/2,3,3,4,5,5,5,Não,,,,,,5,5,3,5,5,,
06/12/2022 14:41:56,TÉCNICO ADMINISTRATIVO,,,,,Mulher Cis,Branco,"de 3 a 5 salários mínimos (de R$3636,00 até R$6060,00)",RU Saúde,3,Almoço,2019/1,3,4,4,5,5,5,Sim,"Flexitariano (consome carne ocasionalmente, sem manter uma frequência diária)",1 a 2 vezes,5,4,4,5,5,1,5,5,Não ,
06/12/2022 14:43:50,TÉCNICO ADMINISTRATIVO,,,,,Mulher Cis,Branco,"de 3 a 5 salários mínimos (de R$3636,00 até R$6060,00)",RU Setorial 1 ( Pampulha),4,Almoço,2009,1,3,4,1,1,2,Não,,,,,,2,4,1,3,3,Não. ,"O RU precisa com urgência melhorar a proteína, tanto no aumento da porção, quanto na qualidade da carne servida, pois direto e reto servem subalimentos como hambúrguer e frango que é pura pele, osso e nervuras. A quantidade de proteína servida é ínfima. "
06/12/2022 14:58:04,TÉCNICO ADMINISTRATIVO,,,,,Mulher Cis,Pardo,"de 3 a 5 salários mínimos (de R$3636,00 até R$6060,00)",RU Setorial 2 (Pampulha),5,Almoço,2017/2,1,1,1,1,3,1,Sim,Onívoro (consome alimentos de origem animal e vegetal),3 a 4 vezes,1,1,1,1,1,5,3,2,"Sim. A quantidade servida pelos funcionários não é adequada, quando peço para colocar um pouco menos colocam muito menos. Os bolinhos de cenoura são de bom tamanho, porém os bolinhos de grão de bico são apenas 2 e são muito pequenos. O peixe antes era um filé e agora é apenas 1 terço do filé. Frango assado também diminuiu. A salada está acabando rápido e sobra apenas 1 opção para quem chega um pouco mais tarde. A salada está ficando revirada e sobra apenas restos, não é mais apetitosa como era antes da pandemia.","Antes da pandemia havia duas opções de carne, além da opção vegetariana. Agora há apenas 1 opção de cada. Sugestão seria 1 opção de carne e 1 vegetariana, além de 1 opção de ovo ou omelete. A carne, na maioria das vezes, tem muita gordura e nervo, o que me leva para a opção vegetariana que, por sua vez, tem muita fritura e muitas receitas com farinha (glúten). A proteína é insuficiente, não satisfaz, o que me leva a ingerir mais carboidrato que deveria, para saciar. Não como arroz branco e tiraram o arroz integral. Em relação à sobremesa, antes havia 1 opção de fruta e 1 doce. Agora há apenas 1 opção e, na maioria dos dias, é doce. Não como doce e, portanto, fico sem a sobremesa. Deveria haver opção de fruta todos os dias, pois é mais saudável. Piorou demais, está cada vez pior. Muito importante essa pesquisa de percepção, espero que gere resultados e traga melhorias. Está precisando com urgência."
06/12/2022 18:51:18,ESTUDANTE DE GRADUAÇÃO,Ciências Sociais ,Nível 1,,,Homem Cis,Pardo,"Menos de 1 salário minimo (até R$1212,00)",RU Setorial 2 (Pampulha),5,"Café da manhã, Almoço, Jantar",2022,4,4,5,5,4,5,Não,,,,,,5,5,5,5,5,,
06/12/2022 20:06:01,ESTUDANTE DE GRADUAÇÃO,Relações Públicas ,Não sou assistido pela Fump,,,Mulher Cis,Branco,"de 1 a 3 salários mínimos (De R$1212,00 até R$3636,00)",RU Setorial 1 ( Pampulha),3,Almoço,2022/1,5,4,4,4,4,4,Sim,"Flexitariano (consome carne ocasionalmente, sem manter uma frequência diária)",Todos os dias,4,5,5,2,1,3,5,4,,
06/12/2022 20:13:02,ESTUDANTE DE GRADUAÇÃO,Direito ,Não sou assistido pela Fump,,,Homem Cis,Branco,"de 1 a 3 salários mínimos (De R$1212,00 até R$3636,00)",RU Direito,4,Jantar,2017/2,4,5,3,4,4,4,Não,,,,,,5,5,1,3,4,,"Deveriam voltar a disponibilizar sal e farinha, como antigamente. A porção de proteína diminuiu muito nos últimos anos. 

Por fim, deveriam mudar os refrescos. A comida é sempre muito saudável, mas aqueles refrescos são um perigo à saúde."
06/12/2022 21:09:10,ESTUDANTE DE GRADUAÇÃO,Pedagogia,Nível 2,,,Mulher Cis,Branco,"Menos de 1 salário minimo (até R$1212,00)",RU Setorial 1 ( Pampulha),3,"Almoço, Jantar",2018,2,5,5,5,5,5,Não,,,,,,5,5,5,5,5,Não aceitar cartão de crédito e estudantes ficarem sem comer ou terem que pedir emprestado. As vezes é a única opção considerando a falta de empregos e todas as questões financeiras ,"Aceitar, urgentemente, cartão de crédito"
06/12/2022 22:14:00,ESTUDANTE DE GRADUAÇÃO,Ciências Socioambientais ,Nível 1,,,Mulher Cis,Pardo,"de 1 a 3 salários mínimos (De R$1212,00 até R$3636,00)",RU Setorial 1 ( Pampulha),2,Jantar,2017/1,3,1,3,2,4,5,Sim,Onívoro (consome alimentos de origem animal e vegetal),1 a 2 vezes,4,2,2,2,5,4,3,4,,
07/12/2022 09:34:09,ESTUDANTE DE GRADUAÇÃO,Medicina veterinaria ,Nível 3,,,Mulher Cis,Branco,"Menos de 1 salário minimo (até R$1212,00)",RU Setorial 2 (Pampulha),5,Almoço,2022,2,4,5,2,5,5,Sim,"Ovolactovegetariano (não consomem nenhum tipo de carne, mas se alimenta de laticínios e ovos)",Todos os dias,4,2,3,5,5,5,3,4,,
07/12/2022 09:36:59,ESTUDANTE DE GRADUAÇÃO,Medicina,Nível 1,,,Mulher Cis,Pardo,"Menos de 1 salário minimo (até R$1212,00)",RU Setorial 1 ( Pampulha),5,"Café da manhã, Almoço, Jantar",2017/1,4,3,4,2,4,5,Não,,,,,,4,5,5,5,5,Conversas machistas e preconceituosas. Também já achei uma larva na comida. ,"Servem muita carne cozida, o que fica enjoativo, podia variar mais nesse quesito."
07/12/2022 09:39:47,ESTUDANTE DE GRADUAÇÃO,Psicologia,Nível 4,,,Mulher Cis,Branco,"Menos de 1 salário minimo (até R$1212,00)",RU Setorial 1 ( Pampulha),5,"Almoço, Jantar",2022/1,1,5,2,1,4,5,Sim,Vegano ou vegetariano estrito (não consomem nada de origem animal),Todos os dias,2,1,1,2,2,5,3,2,,
07/12/2022 09:50:49,ESTUDANTE DE GRADUAÇÃO,Artes Visuais,Nível 1,,,Homem Cis,Branco,"Menos de 1 salário minimo (até R$1212,00)",RU Setorial 1 ( Pampulha),5,"Café da manhã, Almoço",2018/1,3,4,4,4,4,5,Não,,,,,,4,4,5,5,4,,
07/12/2022 10:57:37,ESTUDANTE DE PÓS-GRADUAÇÃO,,,Mestrado em Química ,Não sou assistido pela Fump,Mulher Cis,Branco,"de 1 a 3 salários mínimos (De R$1212,00 até R$3636,00)",RU Setorial 2 (Pampulha),5,"Almoço, Jantar",2015/1,4,4,5,5,5,5,Sim,"Flexitariano (consome carne ocasionalmente, sem manter uma frequência diária)",1 a 2 vezes,4,4,4,3,4,2,4,4,,
07/12/2022 17:14:43,ESTUDANTE DE GRADUAÇÃO,Ciências Atuariais,Não sou assistido pela Fump,,,Prefiro não declarar,Pardo,"mais de 5 salários mínimos (mais de R$6060,00)",RU Setorial 2 (Pampulha),2,Almoço,2018/1 era estudante do Coltec,1,1,4,1,3,4,Não,,,,,,3,3,1,3,3,,
08/12/2022 09:40:55,ESTUDANTE DE GRADUAÇÃO,Letras,Não sou assistido pela Fump,,,Mulher Cis,Branco,"de 1 a 3 salários mínimos (De R$1212,00 até R$3636,00)",RU Setorial 1 ( Pampulha),3,Almoço,2022/1,2,3,4,2,5,5,Sim,"Ovolactovegetariano (não consomem nenhum tipo de carne, mas se alimenta de laticínios e ovos)",Todos os dias,2,1,2,3,2,2,3,4,,
16/12/2022 13:43:35,ESTUDANTE DE GRADUAÇÃO,Estatística,Não sou assistido pela Fump,,,Homem Cis,Branco,"Menos de 1 salário minimo (até R$1212,00)",RU Setorial 2 (Pampulha),3,Almoço,2019/2,3,4,3,4,4,4,Não,,,,,,5,5,1,2,3,,